name,image_url,page_url,views,date_scraped
Yumi Kazama,https://cdn002.imggle.net/webp/actor/yumi-kazama.webp,https://javct.net/model/yumi-kazama,731.4K,2026-09-07
Yu Shinoda,https://cdn002.imggle.net/webp/actor/yu-shinoda.webp,https://javct.net/model/yu-shinoda,749.6K,2026-09-07
Julia,https://cdn002.imggle.net/webp/actor/julia.webp,https://javct.net/model/julia,660.7K,2026-09-07
Reiko Kobayakawa,https://cdn002.imggle.net/webp/actor/reiko-kobayakawa.webp,https://javct.net/model/reiko-kobayakawa,642.8K,2026-09-07
Mako Oda,https://cdn002.imggle.net/webp/actor/mako-oda.webp,https://javct.net/model/mako-oda,693.3K,2026-09-07
Asahi Mizuno,https://cdn002.imggle.net/webp/actor/asahi-mizuno.webp,https://javct.net/model/asahi-mizuno,644K,2026-09-07
Yui Hatano,https://cdn002.imggle.net/webp/actor/yui-hatano.webp,https://javct.net/model/yui-hatano,589.3K,2026-09-07
Hana Haruna,https://cdn002.imggle.net/webp/actor/hana-haruna.webp,https://javct.net/model/hana-haruna,538.3K,2026-09-07
Mina Kitano,https://cdn002.imggle.net/webp/actor/mina-kitano.webp,https://javct.net/model/mina-kitano,585.5K,2026-09-07
Yua Mikami,https://cdn002.imggle.net/webp/actor/yua-mikami.webp,https://javct.net/model/yua-mikami,475.3K,2026-09-07
Eimi Fukada,https://cdn002.imggle.net/webp/actor/eimi-fukada.webp,https://javct.net/model/eimi-fukada,531.7K,2026-09-07
Ai Sayama,https://cdn002.imggle.net/webp/actor/ai-sayama.webp,https://javct.net/model/ai-sayama,414.4K,2026-09-07
Maki Hojo,https://cdn002.imggle.net/webp/actor/maki-hojo.webp,https://javct.net/model/maki-hojo,386.1K,2026-09-07
Nao Jinguji,https://cdn002.imggle.net/webp/actor/nao-jinguji.webp,https://javct.net/model/nao-jinguji,478.9K,2026-09-07
Ririko Kinoshita,https://cdn002.imggle.net/webp/actor/ririko-kinoshita.webp,https://javct.net/model/ririko-kinoshita,402.3K,2026-09-07
Saeko Matsushita,https://cdn002.imggle.net/webp/actor/saeko-matsushita.webp,https://javct.net/model/saeko-matsushita,368.1K,2026-09-07
Tsukasa Aoi,https://cdn002.imggle.net/webp/actor/tsukasa-aoi.webp,https://javct.net/model/tsukasa-aoi,352.5K,2026-09-07
Maki Tomoda,https://cdn002.imggle.net/webp/actor/maki-tomoda.webp,https://javct.net/model/maki-tomoda,360.8K,2026-09-07
Mizuki Yayoi,https://cdn002.imggle.net/webp/actor/mizuki-yayoi.webp,https://javct.net/model/mizuki-yayoi,293.1K,2026-09-07
Riho Fujimori,https://cdn002.imggle.net/webp/actor/riho-fujimori.webp,https://javct.net/model/riho-fujimori,353.9K,2026-09-07
Sumire Mizukawa,https://cdn002.imggle.net/webp/actor/sumire-mizukawa.webp,https://javct.net/model/sumire-mizukawa,311K,2026-09-07
Tsubasa Amami,https://cdn002.imggle.net/webp/actor/tsubasa-amami.webp,https://javct.net/model/tsubasa-amami,323.4K,2026-09-07
Momoko Isshiki,https://cdn002.imggle.net/webp/actor/momoko-isshiki.webp,https://javct.net/model/momoko-isshiki,333.2K,2026-09-07
Ayaka Mutou,https://cdn002.imggle.net/webp/actor/ayaka-mutou.webp,https://javct.net/model/ayaka-mutou,297.2K,2026-09-07
Aika Yumeno,https://cdn002.imggle.net/webp/actor/aika-yumeno.webp,https://javct.net/model/aika-yumeno,297.2K,2026-09-07
Aki Sasaki,https://cdn002.imggle.net/webp/actor/aki-sasaki.webp,https://javct.net/model/aki-sasaki,305.2K,2026-09-07
Marina Shiraishi,https://cdn002.imggle.net/webp/actor/marina-shiraishi.webp,https://javct.net/model/marina-shiraishi,299.1K,2026-09-07
Saki Okuda,https://cdn002.imggle.net/webp/actor/saki-okuda.webp,https://javct.net/model/saki-okuda,262.5K,2026-09-07
Mio Kimijima,https://cdn002.imggle.net/webp/actor/mio-kimijima.webp,https://javct.net/model/mio-kimijima,288.9K,2026-09-07
Eriko Miura,https://cdn002.imggle.net/webp/actor/eriko-miura.webp,https://javct.net/model/eriko-miura,284.7K,2026-09-07
