code,title,size,image_url,torrent_url,tags,actresses,date,page_url
UMD1018,巷で噂の激ヤバ系エナジードリンク「感度爆増敏感媚●」で姉と彼女の股間爆発させてみた！！,4.0 GB,https://pics.dmm.co.jp/mono/movie/adult/125umd1018/125umd1018pl.jpg,https://onejav.com/torrent/umd1018/download/49389608/onejav.com_umd1018.torrent,Sister,"花守夏歩, 凰華りん",2026-09-09,https://onejav.com/torrent/umd1018
RLMP014,ボランティアで慰労訪問に来たおじいちゃん子の地下アイドルが、性欲だけは現役の絶倫じじぃに共用オナホにされた輪●ファンサ。,4.2 GB,https://pics.dmm.co.jp/mono/movie/adult/rlmp014/rlmp014pl.jpg,https://onejav.com/torrent/rlmp014/download/36928622/onejav.com_rlmp014.torrent,"3P, 4P, Beautiful Girl, Creampie, Idol, Nasty, Hardcore, Solowork",花守夏歩,2026-09-05,https://onejav.com/torrent/rlmp014
DLDSS545,不良生徒から優等生を守るため…人妻女●師 放課後肉便器 角奈保/花守夏歩,5.5 GB,https://pics.dmm.co.jp/mono/movie/adult/1dldss545/1dldss545pl.jpg,https://onejav.com/torrent/dldss545/download/59847686/onejav.com_dldss545.torrent,"3P, 4P, Big Tits, Married Woman, Mature Woman","角奈保, 花守夏歩",2026-08-17,https://onejav.com/torrent/dldss545
YMDD504,マチアプ生ナカちゃん！スクールカースト最上位の格上女子を半中半外ハメ倒し攻略セックス,7.5 GB,https://pics.dmm.co.jp/mono/movie/adult/ymdd504/ymdd504pl.jpg,https://onejav.com/torrent/ymdd504/download/92961931/onejav.com_ymdd504.torrent,"Beautiful Girl, BIGセール, Blow, Creampie, Documentary, POV",花守夏歩,2026-08-10,https://onejav.com/torrent/ymdd504
DVAJ752,最終電車でいつも乗り合わせる女子校生の無防備なフリしたパンチラ見せつけ誘惑にまんまと引っかかった僕は2人きりの車内で淫音ぬちゅんぱちゅん鳴らし終着駅までハメ狂った 花守夏歩,3.7 GB,https://pics.dmm.co.jp/mono/movie/adult/dvaj752/dvaj752pl.jpg,https://onejav.com/torrent/dvaj752/download/62484704/onejav.com_dvaj752.torrent,"Beautiful Girl, BIGセール, Blow, Cowgirl, Creampie, Cunnilingus, School Girls, School Uniform, Skirt, Slut, Solowork",花守夏歩,2026-08-08,https://onejav.com/torrent/dvaj752
SMOK042,【ごっくんセクハラ】残業中オフィスで2人きり、ムラムラ部長の中年精子を毎日飲まされる押しに弱い新人デカ尻部下OL 花守夏歩,5.7 GB,https://pics.dmm.co.jp/mono/movie/adult/smok042/smok042pl.jpg,https://onejav.com/torrent/smok042/download/54013333/onejav.com_smok042.torrent,"Blow, Creampie, Huge Butt, OL, Solowork",花守夏歩,2026-08-01,https://onejav.com/torrent/smok042
SQTE707,休日に彼女と。帰りたくないほど夢中でハメた温泉旅行 花守夏歩,3.4 GB,https://pics.dmm.co.jp/mono/movie/adult/sqte707/sqte707pl.jpg,https://onejav.com/torrent/sqte707/download/33143571/onejav.com_sqte707.torrent,"Beautiful Girl, BIGセール, Blow, Creampie, Hot Spring, Masturbation, Solowork",花守夏歩,2026-08-01,https://onejav.com/torrent/sqte707
LULU446,一晩だけお泊りしに来たアオハル笑顔が眩し過ぎるデカ尻バイトJ系の無防備生活尻に我慢できず即ハメしたら20歳差デカチン大人ピストンですぐ絶頂する早漏即イキ娘だったのでピチピチま○こがイキ果てるまでヒィヒィいわせた。 花守夏歩,5.6 GB,https://pics.dmm.co.jp/mono/movie/adult/lulu446/lulu446pl.jpg,https://onejav.com/torrent/lulu446/download/76587591/onejav.com_lulu446.torrent,"BIGセール, Butt, Creampie, Huge Butt, School Girls, Solowork",花守夏歩,2026-07-31,https://onejav.com/torrent/lulu446
EKDV822,童貞は幼なじみに奪われました…初めて彼女のできた童貞のボクのためセックスの練習相手になってくれたいつもご機嫌な幼なじみ 花守夏歩,4.9 GB,https://pics.dmm.co.jp/mono/movie/adult/ekdv822/ekdv822pl.jpg,https://onejav.com/torrent/ekdv822/download/20990993/onejav.com_ekdv822.torrent,"Butt, Childhood Friend, Creampie, Cuckold, Footjob, Masturbation, Shaved, Skirt, Solowork, Uniform, Virgin Man",花守夏歩,2026-06-20,https://onejav.com/torrent/ekdv822
SQTE693,セフレ以上、恋人未満。コスプレ！中出し！性欲底なし美少女とハメ撮り三昧！ 花守夏歩,4.2 GB,https://pics.dmm.co.jp/mono/movie/adult/sqte693/sqte693pl.jpg,https://onejav.com/torrent/sqte693/download/35138894/onejav.com_sqte693.torrent,"Beautiful Girl, Blow, Cosplay, Creampie, POV, Solowork",花守夏歩,2026-06-13,https://onejav.com/torrent/sqte693
