code,title,image_url,page_url,views,date_scraped
FC2PPV-4474582,"Full Face Part 10 Yume Nakata Body-wearing uniform, ejaculation on shaved bean, masturbation in erotic swimwear Yume Nakata",https://cdn001.imggle.net/webp/poster/08152026/d484bc531c.webp,https://javct.net/v/fc2ppv-4474582,51,2026-09-07
FC2PPV-4465686,Complete Face Part 9 Lovely Rabbit Girl Nakata Yume Cosplay Sexual Love Creampie Picture Uncensored Yume Nakata,https://cdn001.imggle.net/webp/poster/08152026/2416d2d971.webp,https://javct.net/v/fc2ppv-4465686,75,2026-09-07
HZ-3930,Bonus Special Vol.17 - Mayu Komikawa - Kanon Ibuki - Alice Hernandez,https://cdn001.imggle.net/webp/poster/08152026/fb47782a39.webp,https://javct.net/v/hz-3930,47,2026-09-07
HZ-1981,Bukkake On Beautiful MILF HITOMI - Hitomi,https://cdn001.imggle.net/webp/poster/08152026/bc07277904.webp,https://javct.net/v/hz-1981,63,2026-09-07
HZ-2072,Erotic Massage for Yuuna - Yuuna Himekawa,https://cdn001.imggle.net/webp/poster/08152026/2f43816731.webp,https://javct.net/v/hz-2072,22,2026-09-07
HZ-1544,Let's Have Sex without Any English Word - Yuuna Himekawa,https://cdn001.imggle.net/webp/poster/08152026/8d997a3a88.webp,https://javct.net/v/hz-1544,68,2026-09-07
HZ-1395,My Real Live Maid Doll Vol.4 -Submissive Cutie All to Myself- - Yuuna Himekawa,https://cdn001.imggle.net/webp/poster/08152026/5526c2cc56.webp,https://javct.net/v/hz-1395,62,2026-09-07
FC2PPV-4458008,"Complete appearance part 8 Nakata's dream wears twin tails, the origin of the body, long hours of experience.Creampie ejaculation Yume Nakata",https://cdn001.imggle.net/webp/poster/08152026/ca27896568.webp,https://javct.net/v/fc2ppv-4458008,58,2026-09-07
FC2PPV-4432303,Part 4 Lovely Amateur Nakata's Dream Sex Love Creampie Video Uncensored Yume Nakata,https://cdn001.imggle.net/webp/poster/08152026/b2e3256d99.webp,https://javct.net/v/fc2ppv-4432303,60,2026-09-07
FC2PPV-4434719,"Part 6: Nakata's dream, casual wear, casual clothes, smiling face, creampie, AV love video, Yume Nakata",https://cdn001.imggle.net/webp/poster/08152026/a35cebf0ed.webp,https://javct.net/v/fc2ppv-4434719,60,2026-09-07
FC2PPV-4421745,"Part 1: Big tits Nono Miyazaki, cute Nakata Yume, 3P creampie, sexless love video, Yume Nakata & Suzu Nonomiya",https://cdn001.imggle.net/webp/poster/08152026/c8a7e10fa6.webp,https://javct.net/v/fc2ppv-4421745,96,2026-09-07
FC2PPV-4420953,Part 3 Lovely Amateur Nakata's Dream Sex Love Creampie Picture Uncensored Yume Nakata,https://cdn001.imggle.net/webp/poster/08152026/4d0d0005c0.webp,https://javct.net/v/fc2ppv-4420953,72,2026-09-07
HZ-2054,My Fiancé Was Stolen from Me - Mitsuha Kikukawa,https://cdn001.imggle.net/webp/poster/08152026/7657c11742.webp,https://javct.net/v/hz-2054,60,2026-09-07
FC2PPV-4419627,2/10 Part 2 Lovely Amateur Nakata's Dream Sex Love Creampie Picture Uncensored Yume Nakata,https://cdn001.imggle.net/webp/poster/08152026/3c13aa21ed.webp,https://javct.net/v/fc2ppv-4419627,70,2026-09-07
FC2PPV-4419625,1/10 Part 1 Lovely Amateur Nakata Kei's Sexual Love Creampie Picture Uncensored Yume Nakata,https://cdn001.imggle.net/webp/poster/08152026/4f183b86d9.webp,https://javct.net/v/fc2ppv-4419625,72,2026-09-07
HZ-3919,Asi-Hame!! Vol.30 - Candy,https://cdn001.imggle.net/webp/poster/08152026/a211a96b46.webp,https://javct.net/v/hz-3919,75,2026-09-07
HZ-3918,Virtual fucking from your point of view!! - Rinka Natsume,https://cdn001.imggle.net/webp/poster/08152026/018996e0a5.webp,https://javct.net/v/hz-3918,63,2026-09-07
HZ-3914,MILF's Sexual Service at the Soapland Vol.11 - Mirei Imada,https://cdn001.imggle.net/webp/poster/08152026/c9d5f916ce.webp,https://javct.net/v/hz-3914,59,2026-09-07
HZ-3913,Momoka Ogawa Licks Asshole Relentlessly! - Momoka Ogawa,https://cdn001.imggle.net/webp/poster/07052026/263654a381.webp,https://javct.net/v/hz-3913,21,2026-09-07
259LUXU-1039,Luxury TV 1025,https://cdn001.imggle.net/webp/poster/20241901/1707447985.webp,https://javct.net/v/259luxu-1039,63,2026-09-07
HZ-3910,Genital Sensation -Premium Sexual Service At Soapland- Vol.6 - Yuki Mizuki,https://cdn001.imggle.net/webp/poster/07052026/b61651323d.webp,https://javct.net/v/hz-3910,61,2026-09-07
HZ-3909,Bonus Special Vol.15 - Hana Aoyama,https://cdn001.imggle.net/webp/poster/07052026/f82241f1d4.webp,https://javct.net/v/hz-3909,53,2026-09-07
HZ-3903,Beauty Collection Vol.132 - Mitsuha Kikukawa,https://cdn001.imggle.net/webp/poster/07052026/cae1a90c0c.webp,https://javct.net/v/hz-3903,64,2026-09-07
HZ-3899,Lewd Frolics with Sexy Beauties - Yui Kisaragi - Nana Okada,https://cdn001.imggle.net/webp/poster/07052026/375feb258c.webp,https://javct.net/v/hz-3899,50,2026-09-07
