page_url,image_url
https://jav.guru/1048098/snos-447-film-actress-nakamura-miu-passionately-instructs-a-one-on-one-wet-scene-lecture-from-scratch-all-the-way-through-kissing-oral-sex-and-penetration/,https://cdn.javmiku.com/wp-content/uploads/2026/09/snos447pl-550x374.jpg
https://jav.guru/1048100/snos-401-the-older-sister-in-a-knit-one-piece-dress-thats-way-too-short-like-a-miniskirt-her-skin-tight-body-line-and-riding-up-teasing-glimpses-fuua-kaede/,https://cdn.javmiku.com/wp-content/uploads/2026/09/snos401pl-550x374.jpg
https://jav.guru/1048102/snos-374-a-female-doctor-whos-totally-aware-of-her-own-beauty-turns-her-sex-appeal-up-full-blast-and-when-the-patient-gets-rock-hard-she-even-gives-him-a-penis-massage-niko-kawagoe/,https://cdn.javmiku.com/wp-content/uploads/2026/09/snos374pl-550x374.jpg
https://jav.guru/1048103/snos-372-the-worlds-most-pleasurable-nursing-play-where-a-super-kind-older-sister-overflowing-with-maternal-love-spoils-me-with-tit-sucking-and-cock-stroking-miyuu-kohinata/,https://cdn.javmiku.com/wp-content/uploads/2026/09/snos372pl-550x374.jpg
https://jav.guru/1048105/snos-363-my-daughters-friend-has-a-baby-face-but-shes-170cm-tall-i-cup-tits-her-development-is-way-too-extreme-this-old-man-cant-hold-back-mikuru-hinagata/,https://cdn.javmiku.com/wp-content/uploads/2026/09/snos363pl-550x374.jpg
https://jav.guru/1048106/snos-358-its-a-total-lie-that-the-top-cabaret-hostess-has-a-low-pillow-rate-she-teases-and-teases-both-during-companion-time-and-while-serving-customers-toying-with-the-big-spending-clients-p/,https://cdn.javmiku.com/wp-content/uploads/2026/09/snos358pl-550x374.jpg
https://jav.guru/1048108/snos-342-this-is-the-ultimate-form-of-eros-m-awakening-beyond-the-limits-of-desire-maximum-climax-kinematsu-kiho/,https://cdn.javmiku.com/wp-content/uploads/2026/09/snos342pl-550x374.jpg
https://jav.guru/1048110/snos-336-melting-l-cup-maid-summoned-from-another-world-tano-yuu/,https://cdn.javmiku.com/wp-content/uploads/2026/09/snos336pl-550x374.jpg
https://jav.guru/1048112/snos-313-lets-masturbate-with-everything-the-ultimate-heroine-has-complete-full-body-all-techniques-jerk-off-material-supreme-masturbation-support-seta-kanna/,https://cdn.javmiku.com/wp-content/uploads/2026/09/snos313pl-550x374.jpg
https://jav.guru/1048113/snos-310-her-gravure-body-and-super-cute-service-will-make-you-fall-in-love-before-you-know-it-ayaha-hakatas-new-era-fuzoku-6-blu-ray-disc/,https://cdn.javmiku.com/wp-content/uploads/2026/09/snos310pl-550x374.jpg
https://jav.guru/1048152/jur-832-a-one-night-two-day-semen-squeezing-trip-with-my-insatiable-aunt-who-fucks-her-husband-every-night-after-getting-drained-endlessly-and-awakening-to-sex-this-virgin-me-forgot-everything/,https://cdn.javmiku.com/wp-content/uploads/2026/09/jur832pl-550x374.jpg
https://jav.guru/1048157/jur-795-i-turned-the-companys-plain-married-accountant-into-my-exclusive-mistress-who-sprays-thick-masochistic-squirts-all-over/,https://cdn.javmiku.com/wp-content/uploads/2026/09/jur795pl-550x374.jpg
https://jav.guru/1048159/ipzz-988-the-woman-chosen-by-men-makes-them-fall-in-love-with-her-inner-self-naturally-popular-beauty-consultant-whos-been-confessed-to-by-over-50-people-makes-her-av-debut-maya-kanda/,https://cdn.javmiku.com/wp-content/uploads/2026/09/ipzz988pl-550x374.jpg
https://jav.guru/1048160/ipzz-986-former-no-dating-idol-with-distinctive-mysterious-eyes-makes-her-creampie-av-debut-the-165cm-45kg-i-cup-figure-she-completely-hid-throughout-her-career-was-incredible-riri-akise/,https://cdn.javmiku.com/wp-content/uploads/2026/09/ipzz986pl-550x374.jpg
https://jav.guru/1048162/ipzz-962-dazzled-by-the-exorbitant-reward-i-headed-to-the-resort-where-the-wealthy-gather-only-to-find-a-desire-swirling-drug-sex-orgy-party-in-the-night-pool-waiting-for-me-mai-fujisaki/,https://cdn.javmiku.com/wp-content/uploads/2026/09/ipzz962pl-550x374.jpg
https://jav.guru/1048165/ipzz-955-my-girlfriends-extremely-sadistic-older-sister-saw-right-through-my-extreme-masochistic-sexual-fetish-and-trained-me-into-a-pathetic-cock-pet-with-excessively-extreme-masochistic-sexual-p/,https://cdn.javmiku.com/wp-content/uploads/2026/09/ipzz955pl-550x374.jpg
https://jav.guru/1048170/ipzz-927-blonde-gal-in-mourning-clothes-who-reunited-with-her-classmates-after-a-long-time-at-a-memorial-service-got-plied-with-drinks-and-drunk/,https://cdn.javmiku.com/wp-content/uploads/2026/09/ipzz927pl-550x374.jpg
https://jav.guru/1048171/ipzz-924-having-my-weakness-seized-by-a-sexually-harassing-middle-aged-teacher-i-was-repeatedly-subjected-to-edging-orgasm-training-on-school-grounds/,https://cdn.javmiku.com/wp-content/uploads/2026/09/ipzz924pl-550x374.jpg
https://jav.guru/1048172/ipzz-916-a-noble-beautiful-secretary-has-to-commute-by-train-in-midsummer-due-to-trouble-and-yields-to-silent-molestation-rape-in-a-position-reversal-by-a-sweaty-underdog-manual-laborer-nene-misumi/,https://cdn.javmiku.com/wp-content/uploads/2026/09/ipzz916pl-550x374.jpg
https://jav.guru/1048208/achj-089-the-reason-i-a-virgin-turned-into-a-pervert-the-seven-trainings-drilled-into-me-by-the-beautiful-married-woman-next-door-who-taught-me-this-is-normal/,https://cdn.javmiku.com/wp-content/uploads/2026/09/achj089pl-550x374.jpg
https://jav.guru/1048639/svvrt-087-amateur-variety-shonan-local-wives-nipple-teasing-intercrural-cum-challenge-a-big-titted-wife-apologizes-to-her-kids-saying-sorry-while-single-mindedly-rubbing-a-rock-hard-huge-coc/,https://cdn.javmiku.com/wp-content/uploads/2026/09/1svvrt00087pl-550x374.jpg
https://jav.guru/1048640/roe-545-leaving-a-married-woman-restrained-in-a-chair-for-2-hours-the-story-of-how-she-grew-into-a-saliva-drooling-convulsively-orgasming-perverted-woman-reiko-seo/,https://cdn.javmiku.com/wp-content/uploads/2026/09/roe545pl-550x374.jpg
https://jav.guru/1048641/rlmp-017-big-titted-celeb-ladys-slurp-slurp-blowjob-a-lewd-moment-that-leaves-the-masochist-guy-completely-drained-with-thorough-deepthroat-and-edging-hell/,https://cdn.javmiku.com/wp-content/uploads/2026/09/rlmp017pl-550x374.jpg
https://jav.guru/1048642/rlmp-016-unscrupulous-bridal-ntr-salon-uses-aphrodisiac-oil-to-make-a-giddy-big-tits-idiot-woman-right-before-marriage-have-convulsing-breast-orgasms-and-plunges-her-into-despair/,https://cdn.javmiku.com/wp-content/uploads/2026/09/rlmp016pl-550x374.jpg
https://jav.guru/1048643/rlmp-014-grandpa-loving-underground-idol-who-came-on-a-volunteer-comfort-visit-gets-turned-into-a-shared-onahole-by-a-virile-old-geezer-still-going-strong-only-in-his-sex-drive-gangbang-fan-service/,https://cdn.javmiku.com/wp-content/uploads/2026/09/rlmp014pl-550x374.jpg
https://jav.guru/1048644/rlmp-013-complete-our-meat-slave-mama-volleyball-team-unreservedly-keeping-on-creampieing-them-in-a-sweat-drenched-juice-drenched-impregnation-training-camp/,https://cdn.javmiku.com/wp-content/uploads/2026/09/rlmp013pl-550x374.jpg
https://jav.guru/1048645/nsfs-509-posted-true-story-my-wife-was-passed-around-the-white-body-soaked-bright-red-with-humiliation-kana-mito-part-1-nagaestyle-x-madonna-special-collaboration-work/,https://cdn.javmiku.com/wp-content/uploads/2026/09/nsfs509pl-550x374.jpg
https://jav.guru/1048646/nsfs-508-cute-wifes-pale-body-punished-by-her-father-in-law-12-akari-minase/,https://cdn.javmiku.com/wp-content/uploads/2026/09/nsfs508pl-550x374.jpg
https://jav.guru/1048648/nact-176-i-thought-he-was-feeble-but-his-lower-body-was-rock-hard-the-forbidden-two-rounds-where-a-sexually-frustrated-wife-turns-into-a-bitch-through-her-father-in-laws-sexual-caregiving-hikaru/,https://cdn.javmiku.com/wp-content/uploads/2026/09/h_237nact176pl-550x374.jpg
https://jav.guru/1048649/mvg-172-shut-in-plain-neet-the-real-deals-face-collapsing-shame-orgasm-iku-toba/,https://cdn.javmiku.com/wp-content/uploads/2026/09/mvg172pl-550x374.jpg
https://jav.guru/1048653/mond-308-with-my-admired-female-boss-hikari-kisaki/,https://cdn.javmiku.com/wp-content/uploads/2026/09/mond308pl-550x374.jpg
https://jav.guru/1048654/mkmp-755-holy-paipannu-academy-the-dream-shaved-pussy-academy-harem-of-beautiful-girls-who-captivate-me-with-their-smooth-plump-hairless-pussies-yuna-hinata-meisa-nishimoto-hinano-minami/,https://cdn.javmiku.com/wp-content/uploads/2026/09/mkmp755pl-550x374.jpg
https://jav.guru/1048655/mkmp-753-peeing-factory-the-power-harassing-supervisor-a-middle-school-graduate-and-former-delinquent-is-the-only-woman-and-the-cancer-of-the-workplace-she-had-the-womens-toilet-removed-and/,https://cdn.javmiku.com/wp-content/uploads/2026/09/mkmp753pl-550x374.jpg
https://jav.guru/1048656/mkmp-751-extreme-sluts-divine-techniques-thoroughly-toying-with-men-using-numerous-ejaculation-techniques-in-5-ultimate-situations-erika-ozaki/,https://cdn.javmiku.com/wp-content/uploads/2026/09/mkmp751pl-550x374.jpg
https://jav.guru/1048659/ktra-797-creampie-plain-repressed-girls-for-4-hours/,https://cdn.javmiku.com/wp-content/uploads/2026/09/ktra797pl-550x374.jpg
https://jav.guru/1048662/ipzz-944-is-it-okay-if-i-think-of-you-as-my-girlfriend-until-graduation-teacher-former-celebrity-private-tutor-runa-sensei-healed-me-who-distrusts-women-with-gentle-tongue-kisses-and-envelopin/,https://cdn.javmiku.com/wp-content/uploads/2026/09/ipzz944pl-550x374.jpg
https://jav.guru/1048665/gvh-877-i-love-masters-piss-guzzling-and-gulping-it-down-the-convenient-piss-drinking-jk-maid-meguri-chan-minoshima-meguri/,https://cdn.javmiku.com/wp-content/uploads/2026/09/gvh877pl-550x374.jpg
https://jav.guru/1048667/gara-026-screaming-rape-the-frced-married-woman-a-young-wife-who-became-the-substitute-for-her-husband-burdened-with-huge-debts-from-loan-sharks-excessively-extreme-aphrodisiac-druggd-sex-4p-ga/,https://cdn.javmiku.com/wp-content/uploads/2026/09/gara026pl-550x374.jpg
https://jav.guru/1048671/flav-427-cock-encouraging-cheer-erection-charge-girl-plump-fleshy-big-ass-cheerleader-satomi-mioka/,https://cdn.javmiku.com/wp-content/uploads/2026/09/flav427pl-550x374.jpg
https://jav.guru/1048672/ekdv-827-this-bitch-is-in-full-heat-right-now-want-to-try-being-sui-tsukinoe/,https://cdn.javmiku.com/wp-content/uploads/2026/09/ekdv827pl-550x374.jpg
https://jav.guru/1048673/ekdv-826-eye-contact-cowgirl-is-irresistible-healing-cohabitation-life-with-my-carnivorous-super-skilled-girlfriend-sora-amakawa/,https://cdn.javmiku.com/wp-content/uploads/2026/09/ekdv826pl-550x374.jpg
https://jav.guru/1048674/dvel-002-devil-iron-tornado-the-female-body-roars-jet-black-trture-rhapsody-chapter-2-the-cruel-and-lewd-complete-collapse-of-the-young-lady-type-undercover-investigator-moe-kurose/,https://cdn.javmiku.com/wp-content/uploads/2026/09/dvel002sopl-550x374.jpg
https://jav.guru/1048675/dvaj-755-girls-volleyball-club-member-ordered-by-her-coach-into-fully-nude-volleyball-special-training-gets-her-protruding-big-ass-slammed-into-while-holding-the-receive-stance/,https://cdn.javmiku.com/wp-content/uploads/2026/09/dvaj755pl-550x374.jpg
https://jav.guru/1048676/dvaj-754-at-the-campsite-i-reunited-after-five-years-with-a-classmate-who-is-now-a-married-woman-her-profile-lit-by-the-campfire-looked-so-alluring-that-we-snuck-around-behind-her-husbands-back-a/,https://cdn.javmiku.com/wp-content/uploads/2026/09/dvaj754pl-550x374.jpg
https://jav.guru/1048680/dldss-529-shocking-transfer-to-dahlia-kumi-koizumi-41-years-old-from-married-woman-to-actress-that-real-married-woman-has-arrived/,https://cdn.javmiku.com/wp-content/uploads/2026/09/1dldss00529pl-550x374.jpg
https://jav.guru/1048681/djjj-007-queen-ravaging-hell-vol-7-lewd-fall-ablaze-the-queen-turned-into-a-full-body-erogenous-zone-anna-tsukishima/,https://cdn.javmiku.com/wp-content/uploads/2026/09/djjj007sopl-550x374.jpg
https://jav.guru/1048682/clot-043-alluring-female-boss-in-black-pantyhose-natsuki-yokoyama/,https://cdn.javmiku.com/wp-content/uploads/2026/09/h_237clot043pl-550x374.jpg
https://jav.guru/1048683/cemd-889-humiliation-rape-fitted-with-a-remote-vibrator-and-a-downtown-date-44-ruka-itoi/,https://cdn.javmiku.com/wp-content/uploads/2026/09/cemd889pl-550x374.jpg
https://jav.guru/1048684/cemd-885-one-time-only-anal-sex-comeback-rion-izumi-is-this-the-last-well-see-of-it-tried-negotiating-for-anal-sex-during-the-shoot/,https://cdn.javmiku.com/wp-content/uploads/2026/09/cemd885pl-550x374.jpg
https://jav.guru/1048685/cemd-884-the-hardcore-masochist-new-office-lady-whose-bondage-fetish-hidden-under-her-recruit-suit-gets-exposed-meisa-nishimoto/,https://cdn.javmiku.com/wp-content/uploads/2026/09/cemd884pl-550x374.jpg
https://jav.guru/1048686/avsa-456-perverted-sluts-reverse-confinement-panic-room-mina-kitano/,https://cdn.javmiku.com/wp-content/uploads/2026/09/avsa456pl-550x374.jpg
https://jav.guru/1048687/avsa-455-ear-melting-dirty-talk-whispers-and-a-tongue-kiss-swamp-good-wife-by-day-perverted-slut-wife-who-hunts-masochist-men-by-night-akari-niimura/,https://cdn.javmiku.com/wp-content/uploads/2026/09/avsa455pl-550x374.jpg
https://jav.guru/1048688/aldn-612-the-reason-i-dont-quit-my-company-miho-tsuno/,https://cdn.javmiku.com/wp-content/uploads/2026/09/aldn612pl-550x374.jpg
https://jav.guru/1048914/ydns-011-train-bareback-fucking-punishment-011/,https://cdn.javmiku.com/wp-content/uploads/2026/09/ydns011pl-550x374.jpg
https://jav.guru/1048915/usag-097-first-deepthroat-amateur-girls-drooling-while-taking-it-to-the-limit-and-having-the-back-of-their-throats-developed/,https://cdn.javmiku.com/wp-content/uploads/2026/09/usag097pl-550x374.jpg
https://jav.guru/1048916/thpa-16-super-heroine-in-peril-vol-116-beautiful-girl-warrior-sailor-mermaid-the-trap-of-the-mimic-monster-medamos-kana-yura/,https://cdn.javmiku.com/wp-content/uploads/2026/09/h_173thpa16pl-550x374.jpg
https://jav.guru/1048917/tcd-349-a-day-with-me-and-my-girlfriend-who-has-a-cock-taxi-date-9-junjun/,https://cdn.javmiku.com/wp-content/uploads/2026/09/tcd349pl-550x374.jpg
https://jav.guru/1048918/svvrt-086-amateur-variety-bikini-gals-approached-on-shonan-beach-try-a-cooling-lotion-massage-to-cool-down-their-flushed-bodies-their-temperature-should-drop-but-instead-their-lust-awakens/,https://cdn.javmiku.com/wp-content/uploads/2026/09/1svvrt086pl-550x374.jpg
https://jav.guru/1048919/svvrt-085-amateur-variety-endure-it-for-prize-money-fail-and-get-instantly-fucked-by-a-huge-cock-slim-bodied-college-girl-holds-milk-in-her-mouth-for-a-spread-legged-facesitting-cunnilingus-chall/,https://cdn.javmiku.com/wp-content/uploads/2026/09/1svvrt085pl-550x374.jpg
https://jav.guru/1048920/svvrt-082-amateur-variety-close-friends-schoolgirls-face-off-massive-fixed-dildo-seesaw-battle-shake-your-hips-while-its-inserted-first-to-squirt-5-times-wins-loser-gets-fucked-and-creampied/,https://cdn.javmiku.com/wp-content/uploads/2026/09/1svvrt082pl-550x374.jpg
https://jav.guru/1048921/spsf-57-wonder-lady-vs-glamour-mask-the-luxurious-preys-who-fell-into-prison-waka-ninomiya/,https://cdn.javmiku.com/wp-content/uploads/2026/09/h_173spsf57pl-550x374.jpg
https://jav.guru/1048922/spsf-56-heroine-hunting-wonder-lady-rui-otokoto/,https://cdn.javmiku.com/wp-content/uploads/2026/09/h_173spsf56pl-550x374.jpg
https://jav.guru/1048923/spsf-55-sentai-heroine-action-pinch-fall-of-star-sea-sentai-kaiser-five-kaiser-yellow-action-pinch-arc-moa-wakatsuki/,https://cdn.javmiku.com/wp-content/uploads/2026/09/h_173spsf55pl-550x374.jpg
https://jav.guru/1048924/spsf-54-beautiful-girl-masked-aurora-lewd-bitch-fall-marina-nishio/,https://cdn.javmiku.com/wp-content/uploads/2026/09/h_173spsf54pl-550x374.jpg
https://jav.guru/1048925/spsf-53-star-corpse-armored-princess-nexarion-machi-ikuno/,https://cdn.javmiku.com/wp-content/uploads/2026/09/h_173spsf53pl-550x374.jpg
https://jav.guru/1048926/spsf-52-razer-mikage-part-1/,https://cdn.javmiku.com/wp-content/uploads/2026/09/h_173spsf52pl-550x374.jpg
https://jav.guru/1048927/sitw-055-when-i-visited-a-rental-house-studio-on-an-la-location-shoot-the-owner-turned-out-to-be-a-big-titted-blonde-beautiful-wife/,https://cdn.javmiku.com/wp-content/uploads/2026/09/sitw055pl-550x374.jpg
https://jav.guru/1048928/silk-200-spice%e2%86%92moisture-3/,https://cdn.javmiku.com/wp-content/uploads/2026/09/1silk200pl-550x374.jpg
https://jav.guru/1048929/sal-265-175cm-tall-beautiful-otoko-no-ko-hibiki-aoi-anal-sex-with-her-exquisite-beautiful-ass-and-three-super-slutty-sexual-situations/,https://cdn.javmiku.com/wp-content/uploads/2026/09/sal265pl-550x374.jpg
https://jav.guru/1048930/rctd-754-rocket-18th-anniversary-commemorative-user-request-festival-female-comedians-the-2nd-trio-comedy-sketch-edition/,https://cdn.javmiku.com/wp-content/uploads/2026/09/1rctd754pl-550x374.jpg
https://jav.guru/1048931/rctd-752-rocket-18th-anniversary-user-request-festival-turning-middle-aged-women-into-erotic-gaudy-ahegao-yamanba-dirty-gals/,https://cdn.javmiku.com/wp-content/uploads/2026/09/1rctd752pl-550x374.jpg
https://jav.guru/1048932/rctd-750-rocket-18th-anniversary-user-request-festival-love-%e2%88%9e-loop-the-love-story-of-a-man-and-woman-who-cant-escape-unless-they-kiss/,https://cdn.javmiku.com/wp-content/uploads/2026/09/1rctd750pl-550x374.jpg
https://jav.guru/1048935/nghj-075-virgin-college-student-support-project-for-guys-giving-up-on-love-because-theyre-virgins-ive-always-liked-you/,https://cdn.javmiku.com/wp-content/uploads/2026/09/nghj075pl-550x374.jpg
https://jav.guru/1048936/nact-182-oil-mania-tsukinoe-sui/,https://cdn.javmiku.com/wp-content/uploads/2026/09/h_237nact182pl-550x374.jpg
https://jav.guru/1048937/nact-181-at-first-glance-an-ordinary-middle-aged-housekeeper-but-she-was-actually-a-super-slut-with-a-queens-temperament-mai-fuyuki/,https://cdn.javmiku.com/wp-content/uploads/2026/09/h_237nact181pl-550x374.jpg
https://jav.guru/1048938/nact-180-insatiable-housewife-begs-for-creampie-in-her-secret-side-job-airi-ichinose/,https://cdn.javmiku.com/wp-content/uploads/2026/09/h_237nact180pl-550x374.jpg
https://jav.guru/1048939/nact-179-when-the-delivery-guy-she-likes-comes-she-greets-him-by-taking-off-her-panties-the-slutty-wife-who-flaunts-her-pussy-to-seduce-him-natsu-shibuya/,https://cdn.javmiku.com/wp-content/uploads/2026/09/h_237nact179pl-550x374.jpg
https://jav.guru/1048940/nact-178-role-reversal-sugar-daddy-corruption-threatening-the-pure-student-he-called-from-a-delivery-health-service-with-credits-and-a-scholarship-recommendation-letter-and-forcing-her-into-a-p/,https://cdn.javmiku.com/wp-content/uploads/2026/09/h_237nact178pl-550x374.jpg
https://jav.guru/1048941/nact-177-locks-onto-the-virgin-young-man-who-came-to-fix-a-water-leak-flashes-a-vibrator-and-puts-on-a-live-masturbation-demo-then-while-her-husband-is-away-on-business-greets-him-fully-naked-at-t/,https://cdn.javmiku.com/wp-content/uploads/2026/09/h_237nact177pl-550x374.jpg
https://jav.guru/1048942/mooc-028-even-though-she-has-the-absolute-best-looks-this-femboy-call-girl-was-way-too-cold-with-her-service-so-i-lectured-her-pinned-her-in-a-full-nelson-and-gave-her-a-handjob-until-she-pissed/,https://cdn.javmiku.com/wp-content/uploads/2026/09/mooc028pl-550x374.jpg
https://jav.guru/1048943/mkmp-758-100-climaxes-ecstasy-intense-ejaculation-best/,https://cdn.javmiku.com/wp-content/uploads/2026/09/mkmp758pl-550x374.jpg
https://jav.guru/1048944/mkd-259-first-shoot-in-her-fifties-the-voluptuous-mom-with-a-smile-that-suits-her-makes-her-av-debut-tsubasa-watase/,https://cdn.javmiku.com/wp-content/uploads/2026/09/mkd259pl-550x374.jpg
https://jav.guru/1048945/mist-524-ass-hell-black-mask-this-huge-ass-slut-or-masochist-mature-woman-who-cums-from-facesitting-with-her-beautiful-90cm-translucent-glossy-ass-and-lush-thick-bush/,https://cdn.javmiku.com/wp-content/uploads/2026/09/1mist524pl-550x374.jpg
https://jav.guru/1048946/mist-512-nipple-frenzy-nipple-love-is-everything-hinata-tachibanauchi/,https://cdn.javmiku.com/wp-content/uploads/2026/09/1mist512pl-550x374.jpg
https://jav.guru/1048957/ktra-796-sex-with-a-beautiful-girl-with-tiny-tits-4-hours/,https://cdn.javmiku.com/wp-content/uploads/2026/09/ktra796pl-550x374.jpg
https://jav.guru/1048962/imo-038-i-called-a-delivery-escort-and-my-little-sister-showed-up-as-a-result-we-end-up-having-creampie-real-sex-without-the-shop-knowing-15/,https://cdn.javmiku.com/wp-content/uploads/2026/09/12imo038pl-550x374.jpg
https://jav.guru/1048963/gvh-878-since-you-cant-say-anything-anyway-its-fine-to-nipple-harass-you-right-without-permission-i-relentlessly-nipple-harassed-and-creampied-over-and-over-the-tits-of-my-quiet-plain/,https://cdn.javmiku.com/wp-content/uploads/2026/09/gvh878pl-550x374.jpg
https://jav.guru/1048965/gs-2146-married-woman-resort-style-married-woman-hot-spring-love-trip-rin-34-years-old/,https://cdn.javmiku.com/wp-content/uploads/2026/09/140gs2146pl-550x374.jpg
https://jav.guru/1048966/gma-103-bondage-trained-wife-reunion-and-subjugation-with-the-former-boss-she-once-had-a-physical-relationship-with-a-lewd-wife-who-satisfies-her-fetishes-while-claiming-its-for-her-husband-kur/,https://cdn.javmiku.com/wp-content/uploads/2026/09/gma103pl-550x374.jpg
https://jav.guru/1048967/gma-102-bondage-trained-wife-her-dead-husbands-perverted-fetish-and-the-secret-she-never-knew-a-widowed-wife-drowning-in-her-father-in-laws-ropes-harumi-kyomoto/,https://cdn.javmiku.com/wp-content/uploads/2026/09/gma102pl-550x374.jpg
https://jav.guru/1048968/gajk-039-schoolgirl-subjected-to-bondage-training-in-the-storehouse-the-innocent-girl-who-apprenticed-herself-to-take-over-her-grandfathers-restaurant-she-falls-into-a-perverted-fetish-under-the/,https://cdn.javmiku.com/wp-content/uploads/2026/09/gajk039pl-550x374.jpg
https://jav.guru/1048969/fns-253-to-escape-a-sudden-downpour-a-male-and-female-classmate-sneak-into-the-school-building-at-night-and-find-themselves-alone-warming-their-drenched-see-through-bodies-until-they-entwine-hamab/,https://cdn.javmiku.com/wp-content/uploads/2026/09/FNS-253-550x374.jpg
https://jav.guru/1048971/fgan-188-is-it-true-that-young-people-these-days-dont-masturbate-an-older-sister-teaches-those-gen-z-the-pleasures-of-masturbation-and-sex/,https://cdn.javmiku.com/wp-content/uploads/2026/09/h_1440fgan188pl-550x374.jpg
https://jav.guru/1048972/embz-349-ripe-mature-womans-ripe-sensitive-big-nipples-sucking-biting-licking-and-toying-with-her-fully-erect-plump-nipples-to-make-her-cum-8-mikine-ogura/,https://cdn.javmiku.com/wp-content/uploads/2026/09/embz349pl-550x374.jpg
https://jav.guru/1048974/dldss-534-married-secretarys-secret-cunnilingus-affair-under-the-desk-suzume-mino/,https://cdn.javmiku.com/wp-content/uploads/2026/09/1dldss534pl-550x374.jpg
https://jav.guru/1048975/dazd-306-pussy-and-deep-throat-simultaneous-skewer-sandbag-best/,https://cdn.javmiku.com/wp-content/uploads/2026/09/dazd306pl-550x374.jpg
https://jav.guru/1048976/davk-119-cheeky-gal-the-local-charismatic-super-cute-slutty-senpai-hits-real-climaxes-from-the-fierce-pounding-by-a-group-of-middle-aged-men-with-big-cocks-begs-for-thick-deep-kisses-and-raw-fuck/,https://cdn.javmiku.com/wp-content/uploads/2026/09/davk119pl-550x374.jpg
https://jav.guru/1048977/cnstv-029-anonymous-single-mother-yuika-onosaka-pseudonym-27-years-old-three-years-after-her-divorce-she-works-as-a-nursery-teacher-at-a-daycare-in-totsuka-ward-yokohama-city/,https://cdn.javmiku.com/wp-content/uploads/2026/09/h_1472cnstv00029pl-550x374.jpg
https://jav.guru/1048978/cmn-265-despairing-female-undercover-investigator-female-beast-trauma-trture-moe-aizawa/,https://cdn.javmiku.com/wp-content/uploads/2026/09/cmn265pl-550x374.jpg
https://jav.guru/1048979/cemd-888-no-bra-huge-tits-tanned-black-gyaru-wearing-a-remote-vibrator-humiliation-date-hana-kurosaki/,https://cdn.javmiku.com/wp-content/uploads/2026/09/cemd888pl-550x374.jpg
https://jav.guru/1048980/cemd-887-no-staff-no-script-just-the-actress-and-director-alone-on-a-pov-sex-date-mina-aise/,https://cdn.javmiku.com/wp-content/uploads/2026/09/cemd887pl-550x374.jpg
https://jav.guru/1048981/cemd-886-thoroughly-dissecting-reiko-himekawa-a-full-day-packed-with-cunnilingus-making-her-cum-over-and-over-with-sex-5/,https://cdn.javmiku.com/wp-content/uploads/2026/09/cemd886pl-550x374.jpg
https://jav.guru/1048982/c-2988-day-trip-hot-spring-mature-womans-erotic-journey-044/,https://cdn.javmiku.com/wp-content/uploads/2026/09/140c2988pl-550x374.jpg
https://jav.guru/1048983/c-2987-please-cuckold-my-wife-yuka-31-136/,https://cdn.javmiku.com/wp-content/uploads/2026/09/140c2987pl-550x374.jpg
https://jav.guru/1048984/bazx-415-too-extreme-beautiful-office-ladies-4-hours-premier-remix-09/,https://cdn.javmiku.com/wp-content/uploads/2026/09/bazx415pl-550x374.jpg
https://jav.guru/1048985/bagr-092-furious-flaunting-ntr-the-big-tits-girlfriend-who-was-almost-dumped-by-her-boyfriend-tests-her-boyfriends-love-with-a-pitch-black-vengeful-heart-like-a-black-lily-ruka-itoi/,https://cdn.javmiku.com/wp-content/uploads/2026/09/bagr092pl-550x374.jpg
https://jav.guru/1048986/bagr-091-boyish-love-lovey-dovey-cohabitation-life-with-a-handsome-girlfriend-that-makes-my-cock-throb-yoshimi-nitta/,https://cdn.javmiku.com/wp-content/uploads/2026/09/bagr091pl-550x374.jpg
https://jav.guru/1048987/bacj-190-newcomer-queen-the-ordinary-girl-who-started-working-at-an-m-sensual-parlor-runa-shiraishi/,https://cdn.javmiku.com/wp-content/uploads/2026/09/bacj190pl-550x374.jpg
https://jav.guru/1048988/avsa-454-influencer-crossdressing-girls-gokkun-offline-meetup-hime-hanamiya-hime/,https://cdn.javmiku.com/wp-content/uploads/2026/09/avsa454pl-550x374.jpg
https://jav.guru/1048989/apns-421-ill-entertain-you-with-my-body-as-thanks-for-the-contract-door-to-door-pillow-sales-lewd-sales-training-for-a-female-employee-weak-to-pressure-kotone-tsukino/,https://cdn.javmiku.com/wp-content/uploads/2026/09/apns421pl-550x374.jpg
https://jav.guru/1048990/apns-420-middle-aged-cock-loving-schoolgirl-gets-creampied-by-the-neighborhood-uncles-while-home-alone-yuno-sakura/,https://cdn.javmiku.com/wp-content/uploads/2026/09/apns420pl-550x374.jpg
https://jav.guru/1048991/apak-337-creampie-voluptuous-masochist-climax-angel-nami-no-im-cumming-cumming-break-me-demon-piston-intense-orgasms-for-the-innocent-sakamichi-style-beautiful-girl-student-tearful-deepthr/,https://cdn.javmiku.com/wp-content/uploads/2026/09/apak337pl-550x374.jpg
https://jav.guru/1048992/anb-263-my-beautiful-and-lewd-aunts-natural-slutty-ways-are-irresistible-to-me-senami-ugaki/,https://cdn.javmiku.com/wp-content/uploads/2026/09/anb263pl-550x374.jpg
https://jav.guru/1048993/aldn-611-from-now-on-im-offering-up-my-wife-shell-come-home-after-cheating-for-the-first-time-tae-kosaka/,https://cdn.javmiku.com/wp-content/uploads/2026/09/aldn611pl-550x374.jpg
https://jav.guru/1048994/aldn-610-mother-in-law-youre-way-better-than-my-wife-mai-fuyuki/,https://cdn.javmiku.com/wp-content/uploads/2026/09/aldn610pl-550x374.jpg
https://jav.guru/1048995/aed-263-incest-vaginal-creampie-for-a-mom-in-her-fifties-sumire-mihara/,https://cdn.javmiku.com/wp-content/uploads/2026/09/aed263pl-550x374.jpg
https://jav.guru/1049247/xvsr-397-max-a-exclusive-actress-ban-lifted-first-time-in-her-life-raw-creampie-sex-intimate-documentary-aori-arihoshi/,https://cdn.javmiku.com/wp-content/uploads/2026/09/xvsr397sopl-550x374.jpg
https://jav.guru/1049248/xvsr-395-growth-diary-from-losing-her-virginity-a-19-year-olds-real-sex-sayo-fujiwara/,https://cdn.javmiku.com/wp-content/uploads/2026/09/xvsr395sopl-550x374.jpg
https://jav.guru/1049251/scop-697-while-hanging-out-at-my-girlfriends-house-i-went-to-the-toilet-and-unexpectedly-bumped-into-her-older-sister-she-suddenly-saw-my-huge-cock-got-excited-and-gobbled-it-up/,https://cdn.javmiku.com/wp-content/uploads/2026/09/84scop697pl-550x374.jpg
https://jav.guru/1049252/real-751-vulgarly-seducing-her-student-the-female-private-tutors-sweaty-lewd-acts/,https://cdn.javmiku.com/wp-content/uploads/2026/09/84real751pl-550x374.jpg
https://jav.guru/1049256/mdbk-429-completely-tamed-sucking-pet-who-greets-me-when-i-get-home-with-a-blowjob-that-leaves-my-cock-covered-in-drool/,https://cdn.javmiku.com/wp-content/uploads/2026/09/mdbk429pl-550x374.jpg
https://jav.guru/1049257/madm-223-gentle-gaze-and-fair-skinned-beautiful-legs-married-woman-affair-date-all-day-long-plenty-of-creampie-sex-over-and-over-with-a-beautiful-wife-whos-sexless-with-her-husband-haruka-2/,https://cdn.javmiku.com/wp-content/uploads/2026/09/madm223pl-550x374.jpg
https://jav.guru/1049258/love-098-the-tiny-girl-is-a-lewd-sex-doll-vol-2-asami-tsuchiya/,https://cdn.javmiku.com/wp-content/uploads/2026/09/h_491love98pl-550x374.jpg
https://jav.guru/1049259/ksbj-181-i-cant-tell-my-husband-that-my-stepson-is-using-me-as-a-sex-toy-starring-marika-kobayashi/,https://cdn.javmiku.com/wp-content/uploads/2026/09/ksbj181pl-550x374.jpg
https://jav.guru/1049260/kidm-599b-untitled-yamamoto-riko-blu-ray-disc/,https://cdn.javmiku.com/wp-content/uploads/2026/09/n_945kidm599bpl-550x374.jpg
https://jav.guru/1049261/keed-091-if-its-just-rubbing-its-not-cheating-right-during-a-one-night-two-day-stay-at-my-beloved-girlfriends-house-i-couldnt-resist-the-temptation-of-her-overly-seductive-mother-and/,https://cdn.javmiku.com/wp-content/uploads/2026/09/h_086keed91pl-550x374.jpg
https://jav.guru/1049269/fns-254-record-of-endlessly-fucking-my-wifes-stepdaughter-who-grew-into-a-divine-breasted-girl-at-the-perfect-age-for-sex-kamiki-mia/,https://cdn.javmiku.com/wp-content/uploads/2026/09/FNS-254-550x374.jpg
https://jav.guru/1049272/euud-091-fully-ripe-creampie-romantic-secret-hot-spring-surprise-scorching-hot-spring-massive-orgy-packed-with-middle-aged-women-special/,https://cdn.javmiku.com/wp-content/uploads/2026/09/h_086euud91pl-550x374.jpg
https://jav.guru/1049274/dvaj-757-boyish-girlfriend-tipsy-daily-crashing-tiny-one-room-carelessly-flashing-hidden-big-tits-squish-clinging-so-i-see-her-as-woman-but-cant-jerk-off-in-blueballs-hell-cant-hold-lust-raw-cre/,https://cdn.javmiku.com/wp-content/uploads/2026/09/dvaj757pl-550x374.jpg
https://jav.guru/1049275/dvaj-756-soft-mochi-like-sex-friend-with-the-best-body-to-hold-that-youll-want-to-call-over-and-fuck-anytime-as-many-times-as-you-want-a-sex-only-woman-who-gets-turned-on-when-treated-like-an-ona/,https://cdn.javmiku.com/wp-content/uploads/2026/09/dvaj756pl-550x374.jpg
https://jav.guru/1049277/dori-075-paco-filming-no-75-from-a-petite-high-school-girl-who-was-so-nervous-during-her-first-time-that-she-doesnt-remember-it-i-learned-i-dont-really-wear-condoms-i-like-raw-cock/,https://cdn.javmiku.com/wp-content/uploads/2026/09/h_491dori075pl-550x374.jpg
https://jav.guru/1049278/dori-074-pov-fuck-no-74-begged-by-a-g-cup-big-tits-jk-who-says-i-hate-studying-but-im-good-at-sex%e2%99%aa-to-put-my-raw-cock-in-her-and-i-ended-up-creampieing-her-three-times/,https://cdn.javmiku.com/wp-content/uploads/2026/09/h_491dori074pl-550x374.jpg
https://jav.guru/1049282/cesd-107-sorry-for-squirting-so-much-from-feeling-too-good-massive-squirting-sex-where-i-cum-over-and-over-until-my-mind-goes-completely-blank-ayu-sakurai/,https://cdn.javmiku.com/wp-content/uploads/2026/09/cesd107pl-550x374.jpg
https://jav.guru/1049283/cesd-106-the-proprietress-of-the-downtown-oden-shop-who-brings-happiness-2-yumi-kazama/,https://cdn.javmiku.com/wp-content/uploads/2026/09/cesd106pl-550x374.jpg
https://jav.guru/1049284/c-2529-mature-wife-interview-pov-fuck-18-side-story-married-womans-travelogue-05/,https://cdn.javmiku.com/wp-content/uploads/2026/09/140c2529pl-550x374.jpg
https://jav.guru/1049285/c-2505-cuckolded-married-woman-hot-spring-steam-journey-19/,https://cdn.javmiku.com/wp-content/uploads/2026/09/140c2505pl-550x374.jpg
https://jav.guru/1049286/c-2502-i-end-up-making-a-move-as-if-it-were-only-natural-on-my-wifes-female-friend-who-came-to-stay-in-my-room-married-woman-chika-san-alias-36/,https://cdn.javmiku.com/wp-content/uploads/2026/09/140c2502pl-550x374.jpg
https://jav.guru/1049287/bvd-001-neo-bleeding-big-uniform-uncut-vol-1/,https://cdn.javmiku.com/wp-content/uploads/2026/09/44bvd001pl-550x374.jpg
https://jav.guru/1049288/bobb-329-newcomer-debut-get-buried-in-the-overwhelming-power-of-these-j-cups-boin-megumi-tachibana-box/,https://cdn.javmiku.com/wp-content/uploads/2026/09/bobb329pl-550x374.jpg
https://jav.guru/1049289/bkd-249-mother-son-mating-haruka-aizawa/,https://cdn.javmiku.com/wp-content/uploads/2026/09/bkd249sopl-550x374.jpg
https://jav.guru/1049290/bkd-229-mother-son-mating-emii-toda/,https://cdn.javmiku.com/wp-content/uploads/2026/09/bkd229sopl-550x374.jpg
https://jav.guru/1049291/bagr-093-the-outstanding-figured-slutty-nympho-bitch-indiscriminately-fucks-every-man-dry-her-unfulfilled-heart-blooms-lonely-like-an-erica-flower-marina-azusa/,https://cdn.javmiku.com/wp-content/uploads/2026/09/bagr093pl-550x374.jpg
https://jav.guru/1049292/avsa-457-free-for-all-perverted-acts-repeated-piss-accidents-pissing-beauty-scattering-conspiracy-and-pubic-hair-transparent-perverted-slut-sara-isshiki/,https://cdn.javmiku.com/wp-content/uploads/2026/09/avsa457pl-550x374.jpg
https://jav.guru/1049502/xvsr-349-shocking-transfer-mitsubas-exclusive-debut-with-max-a/,https://cdn.javmiku.com/wp-content/uploads/2026/09/xvsr349sopl-550x374.jpg
https://jav.guru/1049503/xvsr-306-regarding-the-matter-of-my-little-sister-being-a-lewd-tsundere-little-devil-rin-hatsumi/,https://cdn.javmiku.com/wp-content/uploads/2026/09/xvsr306sopl-550x374.jpg
https://jav.guru/1049504/whx-041-everyones-twisted-sexual-fetishes-show-them-already-rec01-recent-couples-full-fetish-exposure-log-nanami-miki/,https://cdn.javmiku.com/wp-content/uploads/2026/09/h_849whx041pl-550x374.jpg
https://jav.guru/1049505/vnds-5228-erotic-mature-woman-intense-sex-with-a-sixty-something-grandma-desperate-for-sperm-180-minutes/,https://cdn.javmiku.com/wp-content/uploads/2026/09/h_1664vnds5228pl-550x374.jpg
https://jav.guru/1049506/vnds-3432-beautiful-mature-womens-masturbation-viewing-party-it-was-supposed-to-be-just-watching-but-the-excited-middle-aged-woman-goes-from-a-cleanup-blowjob-straight-to-sucking-cock-for-raw/,https://cdn.javmiku.com/wp-content/uploads/2026/09/h_1664vnds3432pl-550x374.jpg
https://jav.guru/1049507/vnds-3431-life-insurance-ladys-beauty-secret-the-sixties-sperm-hunter-ryoko-izumi/,https://cdn.javmiku.com/wp-content/uploads/2026/09/h_1664vnds3431pl-550x374.jpg
https://jav.guru/1049509/umso-620-when-i-went-to-deliver-the-neighborhood-circular-the-nudist-wife-next-door-thoroughly-showed-me-her-pussy-and-anus/,https://cdn.javmiku.com/wp-content/uploads/2026/09/umso620pl-550x374.jpg
https://jav.guru/1049510/umso-619-this-is-also-part-of-the-treatment-women-with-huge-tits-get-them-fondled-oiled-and-sandwiched-unable-to-resist-the-masseurs-skillful-techniques-they-end-up-taking-cumshots-on-thei/,https://cdn.javmiku.com/wp-content/uploads/2026/09/umso619pl-550x374.jpg
https://jav.guru/1049511/umso-617-its-a-secret-from-my-husband-she-said-so-i-casually-took-her-up-on-the-invitation-only-to-find-the-wife-next-door-was-a-total-erotic-monster/,https://cdn.javmiku.com/wp-content/uploads/2026/09/umso617pl-550x374.jpg
https://jav.guru/1049512/thsd-004-beautiful-mature-women-pissing-grand-encyclopedia-4/,https://cdn.javmiku.com/wp-content/uploads/2026/09/thsd004pl-550x374.jpg
https://jav.guru/1049513/svcao-029-chikan-antlion-hell-contagious-%e2%87%92-proliferating-group-bestial-lust-on-duty-woman-used-as-raw-cock-plaything-by-sweat-stinking-laborers-in-the-mens-territory-she-absolutely-c/,https://cdn.javmiku.com/wp-content/uploads/2026/09/1svcao029pl-550x374.jpg
https://jav.guru/1049514/supa-663-clit-labia-and-every-thrust-all-completely-visible-s-class-beautiful-girl-shaved-pussy-fully-open-collection-best-240-minutes/,https://cdn.javmiku.com/wp-content/uploads/2026/09/supa663pl-550x374.jpg
https://jav.guru/1049515/supa-662-leakd-video-file-of-a-real-fully-naked-amateurs-dogeza-apology/,https://cdn.javmiku.com/wp-content/uploads/2026/09/supa662pl-550x374.jpg
https://jav.guru/1049516/start-636-rei-kamiki-all-full-nude-sex-special-extreme-focus-on-the-nasty-joining-parts-super-obscene-angles-complete-compilation/,https://cdn.javmiku.com/wp-content/uploads/2026/09/1start636pl-550x374.jpg
https://jav.guru/1049517/start-631-ejaculation-addiction-improvement-treatment-center-tenjin-hagoromo-new-medical-worker-ms-a-alias-supports-the-tireless-cock-suffering-from-abnormal-sexual-desire/,https://cdn.javmiku.com/wp-content/uploads/2026/09/1start631pl-550x374.jpg
https://jav.guru/1049519/spz-1167-at-a-legitimate-sauna-pressing-my-erect-cock-against-the-plump-body-of-the-middle-aged-woman-scrubbing-me/,https://cdn.javmiku.com/wp-content/uploads/2026/09/h_1664spz1167pl-550x374.jpg
https://jav.guru/1049521/sgki-119-the-piston-vibe-proof-photo-box-that-says-youll-absolutely-pass-if-you-stick-the-photo-taken-here-a-demure-nurse-keeps-smiling-no-matter-how-hard-shes-thrust/,https://cdn.javmiku.com/wp-content/uploads/2026/09/1sgki119pl-550x374.jpg
https://jav.guru/1049522/sgki-103-magic-mirror-number-limited-to-intelligent-college-girls-aspiring-to-be-announcers-female-announcer-live-commentary-challenge-squirting-raw-broadcast-while-relaying-to-an-outdoor-special/,https://cdn.javmiku.com/wp-content/uploads/2026/09/1sgki103pl-550x374.jpg
https://jav.guru/1049523/sdnm-563-sns-follower-90000-married-taxi-driver-ranko-haruki-45-years-old-final-chapter-outdoor-sex-exposure-and-7p-torment-for-the-clueless-married-woman-a-shameful-hot-spring-trip-full-of-first/,https://cdn.javmiku.com/wp-content/uploads/2026/09/1sdnm563pl-550x374.jpg
https://jav.guru/1049524/sdnm-561-how-much-can-you-make-doing-av-work-and-childcare-are-tough-but-of-course-i-want-sex-blonde-single-mom-living-in-osaka-shibuya-tsukiki-31-years-old-av-debut/,https://cdn.javmiku.com/wp-content/uploads/2026/09/1sdnm561pl-550x374.jpg
https://jav.guru/1049525/sdam-181-dont-judge-by-appearances-even-black-gals-are-serious-from-demure-girl-to-gal-and-then-to-av-to-spread-gal-culture-habitat-ueno-occupation-black-gal-ciel-kururugi-av-debut/,https://cdn.javmiku.com/wp-content/uploads/2026/09/1sdam181pl-550x374.jpg
https://jav.guru/1049526/sdab-357-18-year-olds-first-raw-creampie-the-sex-education-you-learn-in-class-has-a-big-mistake-you-know-real-sex-doesnt-need-a-condom-young-lady-and-cumming-inside-feels-really-good-airi/,https://cdn.javmiku.com/wp-content/uploads/2026/09/1sdab357pl-550x374.jpg
https://jav.guru/1049527/scpx-542-my-little-sister-is-so-absorbed-in-reading-manga-that-her-miniskirt-is-way-too-unguarded-giving-me-unlimited-panty-peeks-that-make-me-way-too-happy-or-so-i-thought-7-girls-4-5-hours/,https://cdn.javmiku.com/wp-content/uploads/2026/09/scpx542pl-550x374.jpg
https://jav.guru/1049528/scop-892-beautiful-high-school-girls-of-the-right-age-have-completed-impregnation-nonstop-creampie-sex-with-a-1000-fap-index-best/,https://cdn.javmiku.com/wp-content/uploads/2026/09/scop892pl-550x374.jpg
https://jav.guru/1049529/scop-699-spurt-a-thick-creampie-deep-into-married-womens-pussies-to-impregnate-them-40-married-women-breeding-best-240-minutes/,https://cdn.javmiku.com/wp-content/uploads/2026/09/84scop699pl-550x374.jpg
https://jav.guru/1049530/scd-250-my-longed-for-sister-in-law-n-no-way-amemiya-rin/,https://cdn.javmiku.com/wp-content/uploads/2026/09/scd250pl-550x374.jpg
https://jav.guru/1049531/saba-962-when-you-cum-inside-sperm-is-this-warm-15-still-undeveloped-flat-chested-girls-awaken-to-the-pleasure-of-their-first-vaginal-orgasm-creampies-in-memorial-sex-300-minutes/,https://cdn.javmiku.com/wp-content/uploads/2026/09/saba962pl-550x374.jpg
https://jav.guru/1049532/saba-960-amateur-pussy-spread-observation-14-national-university-coeds-edition-4k-camera-ultra-close-ups-at-point-blank-range-so-close-the-glistening-labia-look-almost-see-through-shy-orgasm-mastur/,https://cdn.javmiku.com/wp-content/uploads/2026/09/saba960pl-550x374.jpg
https://jav.guru/1049533/real-755-blowjob-princess-kurumi-tamaki/,https://cdn.javmiku.com/wp-content/uploads/2026/09/84real755pl-550x374.jpg
https://jav.guru/1049534/pym-538-look-properly-im-doing-something-embarrassing-self-filmed-schoolgirl-intense-fingers-only-masturbation-where-she-cums-over-and-over/,https://cdn.javmiku.com/wp-content/uploads/2026/09/h_283pym538pl-550x374.jpg
https://jav.guru/1049535/okzu-018-must-see-for-those-who-want-to-masturbate-while-looking-at-a-ripe-mature-womans-body-rather-than-young-girls-have-your-cock-toyed-with-by-a-pheromone-oozing-erotic-mature-woman/,https://cdn.javmiku.com/wp-content/uploads/2026/09/okzu018pl-550x374.jpg
https://jav.guru/1049536/okzu-017-while-receiving-a-massage-all-you-can-see-tits-and-pussy-close-contact-intense-fully-naked-massage/,https://cdn.javmiku.com/wp-content/uploads/2026/09/okzu017pl-550x374.jpg
https://jav.guru/1049537/ofku-240-stepmom-why-are-you-sucking-my-cock-when-i-woke-up-my-stepmom-was-giving-me-a-blowjob-under-the-covers-i-couldnt-hold-back-and-had-creampie-sex-right-after-waking-up/,https://cdn.javmiku.com/wp-content/uploads/2026/09/h_1664ofku240pl-550x374.jpg
https://jav.guru/1049538/nxgs-018-fifty-year-old-mother-forbidden-immoral-mother-son-incest/,https://cdn.javmiku.com/wp-content/uploads/2026/09/h_1664nxgs018pl-550x374.jpg
https://jav.guru/1049539/nld-030-this-married-woman-is-my-exclusive-gokkun-vtuber/,https://cdn.javmiku.com/wp-content/uploads/2026/09/24nld030pl-550x374.jpg
https://jav.guru/1049541/nhdtc-207-natural-high-annual-best-2025-we-want-to-defile-himari-kosaka-again-and-again/,https://cdn.javmiku.com/wp-content/uploads/2026/09/1nhdtc207pl-550x374.jpg
https://jav.guru/1049542/nhdtc-174-natural-high-award-2025-queen-annual-best-we-want-to-defile-akana-ito-again-and-again/,https://cdn.javmiku.com/wp-content/uploads/2026/09/1nhdtc174pl-550x374.jpg
https://jav.guru/1049543/namh-075-g-cup-healthy-body-takes-13-loads-kind-older-sisters-genuine-creampie-ban-lifted-ruru-hagawa/,https://cdn.javmiku.com/wp-content/uploads/2026/09/1namh00075pl-550x374.jpg
https://jav.guru/1049544/mope-024-the-pleasure-of-being-humiliated-by-a-beautiful-older-woman-and-then-raped/,https://cdn.javmiku.com/wp-content/uploads/2026/09/mope024sopl-550x374.jpg
https://jav.guru/1049545/mopa-024-m-kings-who-cant-hold-back/,https://cdn.javmiku.com/wp-content/uploads/2026/09/mopa024sopl-550x374.jpg
https://jav.guru/1049546/moko-043-specialized-sexual-relief-ward-beautiful-nurses-excessively-erotic-nursing-care-180-minutes/,https://cdn.javmiku.com/wp-content/uploads/2026/09/h_1664moko043pl-550x374.jpg
https://jav.guru/1049547/mist-516-dangerous-day-direct-hit-soapland-where-you-can-make-babies-67-shiori-tsukada/,https://cdn.javmiku.com/wp-content/uploads/2026/09/1mist516pl-550x374.jpg
https://jav.guru/1049548/mist-514-is-it-fun-to-keep-teasing-my-nipples-that-get-so-sensitively-turned-on-yuna-hinata-nagi-yasaka-akari-minase/,https://cdn.javmiku.com/wp-content/uploads/2026/09/1mist514pl-550x374.jpg
https://jav.guru/1049549/mist-293-hitting-her-fertile-day-baby-making-soapland-19-monami-takarada/,https://cdn.javmiku.com/wp-content/uploads/2026/09/1mist293pl-550x374.jpg
https://jav.guru/1049550/mist-244-amateur-married-woman-delivery-health-dispatch-completely-secretly-filmed-f-cup-married-woman-kazuha-28-years-old-mizukawa-kazuha/,https://cdn.javmiku.com/wp-content/uploads/2026/09/1mist244pl-550x374.jpg
https://jav.guru/1049552/midd-963-sumata-x-titjob-x-assjob-etc-service-sex-that-makes-you-cum-using-all-of-natsuki-annas-body/,https://cdn.javmiku.com/wp-content/uploads/2026/09/midd963pl-550x374.jpg
https://jav.guru/1049554/mdvij-028-the-stepmother-who-ends-up-drowning-in-the-huge-cock-of-her-husbands-insatiable-stepson-chapter-9/,https://cdn.javmiku.com/wp-content/uploads/2026/09/48mdvij028pl-550x374.jpg
https://jav.guru/1049555/mbma-140-even-farmers-wanna-have-sex-too-uncontrollable-sexual-frustration-finally-explodes-12-farm-aunties-who-just-cant-hold-back-4-hours-3/,https://cdn.javmiku.com/wp-content/uploads/2026/09/h_460mbma140pl-550x374.jpg
https://jav.guru/1049556/mbma-136-please-keep-this-absolutely-secret-okay-you-definitely-know-someone-among-them-carelessly-picked-up-swept-along-into-sex-shocking-av-leak-of-neighborhood-wives-who-gave-in-to-a-m/,https://cdn.javmiku.com/wp-content/uploads/2026/09/h_460mbma136pl-550x374.jpg
https://jav.guru/1049557/mbma-133-if-youre-going-to-have-sex-definitely-go-for-local-married-women-wives-in-the-prime-of-wanting-to-fuck-weekday-daytime-is-forbidden-cheating-time-they-look-demure/,https://cdn.javmiku.com/wp-content/uploads/2026/09/h_460mbma133pl-550x374.jpg
https://jav.guru/1049558/lwq-006-uniform-extreme-masochist-beautiful-girl-asphyxiation-throat-juice-sex-organs-kanna-watai/,https://cdn.javmiku.com/wp-content/uploads/2026/09/h_1294lwq006pl-550x374.jpg
https://jav.guru/1049559/love-051-i-balance-male-fist-fucking-cum-bukkake-free-position-flexible-body-fuck/,https://cdn.javmiku.com/wp-content/uploads/2026/09/h_491love51pl-550x374.jpg
https://jav.guru/1049560/lol-247-huh-no-matter-how-much-i-wipe-it-it-keeps-getting-wet-eh-no-stop-dont-touch-me-friends-dad-stop-teasing-my-daughters-friend-with-shaved-pussy-creampie-sex/,https://cdn.javmiku.com/wp-content/uploads/2026/09/12lol247pl-550x374.jpg
https://jav.guru/1049561/ktra-756-breeding-sex-with-naive-little-sisters-4-hours/,https://cdn.javmiku.com/wp-content/uploads/2026/09/ktra756pl-550x374.jpg
https://jav.guru/1049562/ktra-755-obedient-smooth-pussy-sex-relief-attendant-4-hours/,https://cdn.javmiku.com/wp-content/uploads/2026/09/ktra755pl-550x374.jpg
https://jav.guru/1049563/ktra-754-sex-collection-with-baby-faced-big-tits-girls-2-4-hours/,https://cdn.javmiku.com/wp-content/uploads/2026/09/ktra754pl-550x374.jpg
https://jav.guru/1049564/ksbj-184-newlywed-niece-seduces-her-uncle-ena-koume/,https://cdn.javmiku.com/wp-content/uploads/2026/09/ksbj184pl-550x374.jpg
https://jav.guru/1049565/ksbj-141-beautiful-mature-womens-erotic-techniques-super-amazing-blowjobs-by-33-women/,https://cdn.javmiku.com/wp-content/uploads/2026/09/ksbj141pl-550x374.jpg
https://jav.guru/1049566/ksbj-101-domestic-adultery-maihara-sei/,https://cdn.javmiku.com/wp-content/uploads/2026/09/ksbj101pl-550x374.jpg
https://jav.guru/1049568/kbtk-020-forgive-me-beautiful-wives-unsatisfied-by-ordinary-sex-with-their-husbands-wear-luxury-t-back-thongs-and-shamefully-expose-their-lower-bodies/,https://cdn.javmiku.com/wp-content/uploads/2026/09/kbtk020pl-550x374.jpg
https://jav.guru/1049573/jksr-710-girls-dorm-sex-5-hour-best-real-creampie-footage-of-9-high-school-girls/,https://cdn.javmiku.com/wp-content/uploads/2026/09/57jksr710pl-550x374.jpg
https://jav.guru/1049574/jksr-709-edging-salon-where-they-wont-let-you-cum-even-if-you-want-to-convulsing-climax-from-sticky-massage/,https://cdn.javmiku.com/wp-content/uploads/2026/09/57jksr709pl-550x374.jpg
https://jav.guru/1049575/jbjb-037-f-cup-martial-arts-girl-with-a-healthy-body-and-super-sex-drive-cum-crazy-massive-squirting-fuck-ayaka-mochizuki/,https://cdn.javmiku.com/wp-content/uploads/2026/09/h_687jbjb037pl-550x374.jpg
https://jav.guru/1049579/hodv-21702-teacher-if-im-not-just-a-plaything-to-you-then-cum-without-a-condom-pressured-into-pregnancy-sex-by-the-student-id-been-casually-cheating-with-my-mind-went-blank-and-i-ended-up-c/,https://cdn.javmiku.com/wp-content/uploads/2026/09/41hodv21702pl-550x374.jpg
https://jav.guru/1049580/hale-076-mom-friend-eating-infinite-loop-vol-71-yuki-koiro/,https://cdn.javmiku.com/wp-content/uploads/2026/09/hale076pl-550x374.jpg
https://jav.guru/1049581/dori-039-pako-dori-no-39-got-permission-for-just-the-tip-from-a-brown-haired-loose-socks-high-school-girls-raw-pussy-that-was-refusing-bare-cock-insertion-then-from-slurping-insertion-thrust-dee/,https://cdn.javmiku.com/wp-content/uploads/2026/09/h_491dori039pl-550x374.jpg
https://jav.guru/1049582/dldss-542-before-dad-fucks-stepmom-ill-impregnate-her-for-him-nozomi-tanihara/,https://cdn.javmiku.com/wp-content/uploads/2026/09/1dldss542pl-550x374.jpg
https://jav.guru/1049584/cjob-194-embarrassing-but-it-feels-so-fucking-good-kneading-the-cock-right-after-ejaculation-squeeze-squeeze-wont-let-go-im-already-squirting-i-told-you-follow-up-male-squirt-best/,https://cdn.javmiku.com/wp-content/uploads/2026/09/cjob194pl-550x374.jpg
https://jav.guru/1049585/cherd-104-is-bareback-with-an-older-woman-okay-for-my-first-time-virgin-guy-has-the-ultimate-deflowering-sex-with-a-married-mature-woman-konoe-tazaki/,https://cdn.javmiku.com/wp-content/uploads/2026/09/h_086cherd104pl-550x374.jpg
https://jav.guru/1049587/c-2412-secret-travelogue-011/,https://cdn.javmiku.com/wp-content/uploads/2026/09/140c2412pl-550x374.jpg
https://jav.guru/1049588/bdsr-544-big-titted-erotic-nurses-private-pov-fuck-videos-leakd-4-hours-all-12-are-active-nurses-working-at-hospitals-you-might-find-them-at-your-regular-hospital/,https://cdn.javmiku.com/wp-content/uploads/2026/09/57bdsr544pl-550x374.jpg
https://jav.guru/1049589/bagr-084-god-tier-gal-bitch-reverse-picks-up-guys-and-takes-them-to-her-room-outstanding-figure-slut-nympho-gal-serina-nashiki/,https://cdn.javmiku.com/wp-content/uploads/2026/09/bagr084pl-550x374.jpg
https://jav.guru/1049590/bagr-083-like-a-black-rose-that-never-perishes-the-abnormal-love-of-a-landmine-menhera-girlfriend-momoka-fukuda/,https://cdn.javmiku.com/wp-content/uploads/2026/09/bagr083pl-550x374.jpg
https://jav.guru/1049591/awaw-021-the-god-tier-mens-esthetic-girl-at-a-no-touching-no-release-mens-spa-somewhere-in-shibuya-who-is-actually-weak-to-pressure-and-will-let-you-fuck-her-mao-20-years-old-t154-b90-g-w59/,https://cdn.javmiku.com/wp-content/uploads/2026/09/h_1819awaw021pl-550x374.jpg
https://jav.guru/1049592/akdl-366-the-sly-female-employee-who-cozies-up-to-men-this-colleague-seduces-by-wrapping-her-pink-tongue-and-is-a-kiss-crazed-slut-honjo-hana/,https://cdn.javmiku.com/wp-content/uploads/2026/09/1akdl00366pl-550x374.jpg
https://jav.guru/1049594/ahk-005-sexually-trained-nurse-sayaka-endo-sayaka/,https://cdn.javmiku.com/wp-content/uploads/2026/09/h_1292ahk005pl-550x374.jpg
https://jav.guru/1050049/xvsr-393-creampie-loving-brocon-older-sisters-naughty-cohabitation-sex-life-with-me-kimito-ayumi/,https://cdn.javmiku.com/wp-content/uploads/2026/09/xvsr393sopl-550x374.jpg
https://jav.guru/1050050/xvsr-392-keep-tormenting-hibiki-otsukis-nipples-and-she-twitches-through-continuous-orgasms/,https://cdn.javmiku.com/wp-content/uploads/2026/09/xvsr392sopl-550x374.jpg
https://jav.guru/1050051/xvsr-389-intense-sex-yuri-oshikawas-real-creampie-sex/,https://cdn.javmiku.com/wp-content/uploads/2026/09/xvsr389sopl-550x374.jpg
https://jav.guru/1050052/xvsr-387-unlimited-ejaculations-home-delivery-soap-nagase-mami/,https://cdn.javmiku.com/wp-content/uploads/2026/09/xvsr387sopl-550x374.jpg
https://jav.guru/1050053/xvsr-383-beautiful-19-year-old-virgin-with-pure-white-skin-determined-av-debut-sayo-fujiwara/,https://cdn.javmiku.com/wp-content/uploads/2026/09/xvsr383sopl-550x374.jpg
https://jav.guru/1050054/umd-1020-even-though-theyre-just-doing-yoga-the-provocative-dog-pose-somehow-keeps-drawing-your-eyes-to-their-nipples-6-erotic-pokie-instructors-that-leave-you-not-knowing-where-to-look-par/,https://cdn.javmiku.com/wp-content/uploads/2026/09/125umd1020pl-550x374.jpg
https://jav.guru/1050055/umd-1019-mishap-during-sumata-play-while-practicing-sex-with-my-little-sister-it-accidentally-slipped-right-in-13/,https://cdn.javmiku.com/wp-content/uploads/2026/09/125umd1019pl-550x374.jpg
https://jav.guru/1050056/umd-1018-i-tried-making-my-sisters-and-girlfriends-crotches-explode-with-the-rumored-super-dangerous-energy-drink-sensitivity-explosion-sensitive-aphrodisiac/,https://cdn.javmiku.com/wp-content/uploads/2026/09/125umd1018pl-550x374.jpg
https://jav.guru/1050057/umd-1017-alluring-protrusion-the-lonely-wife-next-door/,https://cdn.javmiku.com/wp-content/uploads/2026/09/125umd1017pl-550x374.jpg
https://jav.guru/1050063/scop-695-areolas-peeking-from-the-cleavage-nipples-sticking-out-maam-theyre-showing-30-no-bra-married-women-4-hours/,https://cdn.javmiku.com/wp-content/uploads/2026/09/84scop695pl-550x374.jpg
https://jav.guru/1050064/scop-690-instant-effect-frenzy-from-ultra-effects-women-hooked-on-a-super-powerful-aphrodisiac-who-went-crazy-cumming-best4-4-hours/,https://cdn.javmiku.com/wp-content/uploads/2026/09/84scop690pl-550x374.jpg
https://jav.guru/1050065/real-746-insatiable-white-gyaru-eldest-daughters-domestic-cock-training-ameri-hoshi/,https://cdn.javmiku.com/wp-content/uploads/2026/09/84real746pl-550x374.jpg
https://jav.guru/1050067/migd-701-big-tits-black-gyarus-high-speed-cowgirl-creampie-is-super-crazy%e2%98%86-chinami-sakura/,https://cdn.javmiku.com/wp-content/uploads/2026/09/migd701pl-550x374.jpg
https://jav.guru/1050070/love-096-obedient-exposure-hot-spring-aoi-shirasaki/,https://cdn.javmiku.com/wp-content/uploads/2026/09/h_491love96pl-550x374.jpg
https://jav.guru/1050071/love-094-local-hide-and-seek-i-found-the-apartment-complex-girl/,https://cdn.javmiku.com/wp-content/uploads/2026/09/h_491love94pl-550x374.jpg
https://jav.guru/1050072/love-092-18-year-old-%e2%98%86-supernova-kira-kira-surprise-av-shoot-immediately-3-days-after-high-school-graduation-rion-chigasaki/,https://cdn.javmiku.com/wp-content/uploads/2026/09/h_491love92pl-550x374.jpg
https://jav.guru/1050073/love-090-please-keep-me-as-livestock-the-small-titted-girl-with-a-fistable-pussy-5/,https://cdn.javmiku.com/wp-content/uploads/2026/09/h_491love00090pl-550x374.jpg
https://jav.guru/1050074/love-087-138cm-real-young-girls-naughty-sex-budding-pubic-hair-short-girl-erika/,https://cdn.javmiku.com/wp-content/uploads/2026/09/h_491love87pl-550x374.jpg
https://jav.guru/1050075/ksbj-183-sexy-wives-best-6-women/,https://cdn.javmiku.com/wp-content/uploads/2026/09/ksbj183pl-550x374.jpg
https://jav.guru/1050076/ksbj-180-its-been-seven-years-since-i-lost-my-husband-out-of-loneliness-i-with-my-two-sons-maiko-kashiwagi/,https://cdn.javmiku.com/wp-content/uploads/2026/09/ksbj180pl-550x374.jpg
https://jav.guru/1050077/ksbj-179-20-plump-mature-women-with-huge-tits/,https://cdn.javmiku.com/wp-content/uploads/2026/09/ksbj179pl-550x374.jpg
https://jav.guru/1050078/ksbj-177-seduced-by-my-younger-brothers-wife-with-a-voracious-sex-drive-nono-yuki/,https://cdn.javmiku.com/wp-content/uploads/2026/09/ksbj177pl-550x374.jpg
https://jav.guru/1050079/ksbj-176-creampie-for-20-slender-beautiful-mature-women-with-toned-slim-waists/,https://cdn.javmiku.com/wp-content/uploads/2026/09/ksbj176pl-550x374.jpg
https://jav.guru/1050092/id-041-incest-with-my-little-sister-that-reignites-during-a-visit-home-2-disc-set-8-hours/,https://cdn.javmiku.com/wp-content/uploads/2026/09/h_113id041pl-550x374.jpg
https://jav.guru/1050093/hodv-21795-affairs-and-cheating-are-totally-normal-super-slutty-beautiful-women-with-endless-stamina-240-min-dx/,https://cdn.javmiku.com/wp-content/uploads/2026/09/41hodv21795pl-550x374.jpg
https://jav.guru/1050095/fns-256-arent-you-embarrassed-to-get-an-erection-outside-the-nympho-boss-pushes-her-masochistic-subordinate-who-has-a-girlfriend-to-the-limit-tsubasa-mai/,https://cdn.javmiku.com/wp-content/uploads/2026/09/FNS-256-550x374.jpg
https://jav.guru/1050097/fneo-065-you-started-basketball-with-me-while-thinking-you-wouldnt-get-creampied-miria-hazuki/,https://cdn.javmiku.com/wp-content/uploads/2026/09/h_491fneo065pl-550x374.jpg
https://jav.guru/1050098/dori-073-paco-dori-no-73-three-creampies-in-the-smooth-pussy-of-a-little-devil-schoolgirl-who-toys-with-men-saying-i-like-guys-who-are-only-nice-to-me%e2%97%86-she-looked-anxious-so-i-covered/,https://cdn.javmiku.com/wp-content/uploads/2026/09/h_491dori073pl-550x374.jpg
https://jav.guru/1050099/dori-072-fuck-filming-no-72/,https://cdn.javmiku.com/wp-content/uploads/2026/09/h_491dori072pl-550x374.jpg
https://jav.guru/1050100/dori-071-fuck-filming-no-71/,https://cdn.javmiku.com/wp-content/uploads/2026/09/h_491dori071pl-550x374.jpg
https://jav.guru/1050101/dori-066-pov-fuck-no-66-creampied-a-total-of-3-times-the-petite-h-cup-high-school-girl-who-always-begs-give-me-a-titjob%e2%97%86-when-we-have-sex/,https://cdn.javmiku.com/wp-content/uploads/2026/09/h_491dori066pl-550x374.jpg
https://jav.guru/1050103/cesd-108-sorry-for-squirting-so-much-from-feeling-too-good-2-losing-myself-in-the-intense-pleasure-of-relentless-clit-play-facial-squirt-bukkake-slut-sex-nanami-hirose/,https://cdn.javmiku.com/wp-content/uploads/2026/09/cesd108pl-550x374.jpg
https://jav.guru/1050104/cesd-104-female-fixer-a-fixer-is-an-ally-of-frail-women-who-punishes-the-heinous-ruthless-men-rampaging-through-this-world-with-her-sharp-mind-and-ripe-body-the-heisei-era-punisher-ayako-inoue/,https://cdn.javmiku.com/wp-content/uploads/2026/09/cesd104pl-550x374.jpg
https://jav.guru/1050105/cesd-102-female-scumbag-lawyer-accepting-everything-from-divorce-defense-to-criminal-cases-at-bargain-prices-the-body-seduction-secret-negotiation-techniques-that-snatch-victory-from-any-vicious-o/,https://cdn.javmiku.com/wp-content/uploads/2026/09/cesd102pl-550x374.jpg
https://jav.guru/1050106/cesd-100-relationship-breaker-breakup-specialist-2-the-seductive-beautiful-sluts-pleasure-negotiation-techniques-that-always-take-down-her-targeted-prey-nanami-hirose/,https://cdn.javmiku.com/wp-content/uploads/2026/09/cesd100pl-550x374.jpg
https://jav.guru/1050107/c-2501-raw-footage-lesbian-hot-spring-trip-06/,https://cdn.javmiku.com/wp-content/uploads/2026/09/140c2501pl-550x374.jpg
https://jav.guru/1050108/c-2500-married-womans-adultery-trip-192/,https://cdn.javmiku.com/wp-content/uploads/2026/09/140c2500pl-550x374.jpg
https://jav.guru/1050109/c-2496-cuckolding-the-wife-right-next-to-her-dead-drunk-husband-08/,https://cdn.javmiku.com/wp-content/uploads/2026/09/140c02496pl-550x374.jpg
https://jav.guru/1050110/c-2495-mature-wife-interview-pov-fuck-22/,https://cdn.javmiku.com/wp-content/uploads/2026/09/140c02495pl-550x374.jpg
https://jav.guru/1050111/bobb-325-maximizing-the-charm-of-her-godly-explosive-j-cup-tits-carefully-selected-6-situations-boin-mizuhara-misono-box-2-fetish-fans-please-be-sure-to-check-it-out/,https://cdn.javmiku.com/wp-content/uploads/2026/09/bobb325pl-550x374.jpg
https://jav.guru/1050112/bobb-324-j-cup-divine-explosive-tits-boin-misono-mizuhara-box-the-boin-master-is-back-the-tit-fetish-play-bible-of-rubbing-licking-sucking-sandwiching-and-shaking-that-big-tits-maniacs-droo/,https://cdn.javmiku.com/wp-content/uploads/2026/09/bobb324pl-550x374.jpg
https://jav.guru/1050113/bobb-321-madoka-suzaki-the-big-areola-maids-overly-sensitive-puffy-areolas-thorough-tit-play-service/,https://cdn.javmiku.com/wp-content/uploads/2026/09/bobb321pl-550x374.jpg
https://jav.guru/1050114/bobb-320-inaba-ruka-in-uniform-the-gap-moe-of-a-baby-face-with-h-cups-a-full-course-of-breast-teasing-to-thoroughly-savor-her-tits/,https://cdn.javmiku.com/wp-content/uploads/2026/09/bobb320pl-550x374.jpg
https://jav.guru/1050115/bkd-231-mother-son-copulation-yukie-mizukami/,https://cdn.javmiku.com/wp-content/uploads/2026/09/bkd231sopl-550x374.jpg
https://jav.guru/1050116/bkd-221-mother-son-copulation-shiho-terashima/,https://cdn.javmiku.com/wp-content/uploads/2026/09/bkd221sopl-550x374.jpg
