page_url,video_code,playlist_url,quality,source
https://missav123.com/dm1/en/fc2-ppv-4628415,fc2-ppv-4628415,https://surrit.com/aa9babc9-1ff2-4fb8-89ed-c8f353ca9bcf/1080p/video.m3u8,1080p,surrit.com
https://missav123.com/dm1/en/fc2-ppv-4628415,fc2-ppv-4628415,https://surrit.com/aa9babc9-1ff2-4fb8-89ed-c8f353ca9bcf/720p/video.m3u8,720p,surrit.com
https://missav123.com/dm1/en/fc2-ppv-4628415,fc2-ppv-4628415,https://surrit.com/aa9babc9-1ff2-4fb8-89ed-c8f353ca9bcf/playlist.m3u8,playlist,surrit.com
https://missav123.com/dm1/en/juy-925-english-subtitle,juy-925,https://surrit.com/2998453e-9a0e-41de-a49e-43df46f2eacf/720p/video.m3u8,720p,surrit.com
https://missav123.com/dm1/en/juy-925-english-subtitle,juy-925,https://surrit.com/2998453e-9a0e-41de-a49e-43df46f2eacf/playlist.m3u8,playlist,surrit.com
https://missav123.com/dm1/en/pppd-451-uncensored-leak,pppd-451,https://surrit.com/8cb85228-5bd0-48f9-946f-9d5a4885b9ef/1080p/video.m3u8,1080p,surrit.com
https://missav123.com/dm1/en/pppd-451-uncensored-leak,pppd-451,https://surrit.com/8cb85228-5bd0-48f9-946f-9d5a4885b9ef/720p/video.m3u8,720p,surrit.com
https://missav123.com/dm1/en/pppd-451-uncensored-leak,pppd-451,https://surrit.com/8cb85228-5bd0-48f9-946f-9d5a4885b9ef/playlist.m3u8,playlist,surrit.com
https://missav123.com/dm1/en/real-885-uncensored-leak,real-885,https://surrit.com/8a823f3d-9dac-456e-ad74-c4907faf0e84/1080p/video.m3u8,1080p,surrit.com
https://missav123.com/dm1/en/real-885-uncensored-leak,real-885,https://surrit.com/8a823f3d-9dac-456e-ad74-c4907faf0e84/720p/video.m3u8,720p,surrit.com
https://missav123.com/dm1/en/real-885-uncensored-leak,real-885,https://surrit.com/8a823f3d-9dac-456e-ad74-c4907faf0e84/playlist.m3u8,playlist,surrit.com
https://missav123.com/dm1/en/start-169-uncensored-leak,start-169,https://surrit.com/2edb5134-ece4-4049-9e0c-9ac9db69f57d/1080p/video.m3u8,1080p,surrit.com
https://missav123.com/dm1/en/start-169-uncensored-leak,start-169,https://surrit.com/2edb5134-ece4-4049-9e0c-9ac9db69f57d/720p/video.m3u8,720p,surrit.com
https://missav123.com/dm1/en/start-169-uncensored-leak,start-169,https://surrit.com/2edb5134-ece4-4049-9e0c-9ac9db69f57d/playlist.m3u8,playlist,surrit.com
https://missav123.com/dm107/en/adn-396-uncensored-leak,adn-396,https://surrit.com/e7b72c94-297c-424e-b65d-f73f3153f753/1280x720/video.m3u8,720p,surrit.com
https://missav123.com/dm107/en/adn-396-uncensored-leak,adn-396,https://surrit.com/e7b72c94-297c-424e-b65d-f73f3153f753/842x480/video.m3u8,480p,surrit.com
https://missav123.com/dm107/en/adn-396-uncensored-leak,adn-396,https://surrit.com/e7b72c94-297c-424e-b65d-f73f3153f753/playlist.m3u8,playlist,surrit.com
https://missav123.com/dm14/en/sone-341-uncensored-leak,sone-341,https://surrit.com/8edbd1ea-b392-4c1b-b91a-d66fe45adb29/1080p/video.m3u8,1080p,surrit.com
https://missav123.com/dm14/en/sone-341-uncensored-leak,sone-341,https://surrit.com/8edbd1ea-b392-4c1b-b91a-d66fe45adb29/720p/video.m3u8,720p,surrit.com
https://missav123.com/dm14/en/sone-341-uncensored-leak,sone-341,https://surrit.com/8edbd1ea-b392-4c1b-b91a-d66fe45adb29/playlist.m3u8,playlist,surrit.com
https://missav123.com/dm15/en/miaa-236-uncensored-leak,miaa-236,https://surrit.com/e55f257d-e54f-4bf4-9f9a-f0bd7081c08a/1280x720/video.m3u8,720p,surrit.com
https://missav123.com/dm15/en/miaa-236-uncensored-leak,miaa-236,https://surrit.com/e55f257d-e54f-4bf4-9f9a-f0bd7081c08a/842x480/video.m3u8,480p,surrit.com
https://missav123.com/dm15/en/miaa-236-uncensored-leak,miaa-236,https://surrit.com/e55f257d-e54f-4bf4-9f9a-f0bd7081c08a/playlist.m3u8,playlist,surrit.com
https://missav123.com/dm15/en/ssis-870-uncensored-leak,ssis-870,https://surrit.com/d6c1086d-23c5-4cda-a146-97878330ae09/720p/video.m3u8,720p,surrit.com
https://missav123.com/dm15/en/ssis-870-uncensored-leak,ssis-870,https://surrit.com/d6c1086d-23c5-4cda-a146-97878330ae09/playlist.m3u8,playlist,surrit.com
https://missav123.com/dm16/en/hnd-765-uncensored-leak,hnd-765,https://surrit.com/230101f7-5cad-41fd-bce0-5803933f054f/1280x720/video.m3u8,720p,surrit.com
https://missav123.com/dm16/en/hnd-765-uncensored-leak,hnd-765,https://surrit.com/230101f7-5cad-41fd-bce0-5803933f054f/842x480/video.m3u8,480p,surrit.com
https://missav123.com/dm16/en/hnd-765-uncensored-leak,hnd-765,https://surrit.com/230101f7-5cad-41fd-bce0-5803933f054f/playlist.m3u8,playlist,surrit.com
https://missav123.com/dm16/en/jul-876-uncensored-leak,jul-876,https://surrit.com/b1b00bb1-fdde-4f88-830c-33e63242f3f0/720p/video.m3u8,720p,surrit.com
https://missav123.com/dm16/en/jul-876-uncensored-leak,jul-876,https://surrit.com/b1b00bb1-fdde-4f88-830c-33e63242f3f0/playlist.m3u8,playlist,surrit.com
https://missav123.com/dm19/en/meyd-928-uncensored-leak,meyd-928,https://surrit.com/11a26896-d178-4e42-82cf-6528a70fb572/1080p/video.m3u8,1080p,surrit.com
https://missav123.com/dm19/en/meyd-928-uncensored-leak,meyd-928,https://surrit.com/11a26896-d178-4e42-82cf-6528a70fb572/720p/video.m3u8,720p,surrit.com
https://missav123.com/dm19/en/meyd-928-uncensored-leak,meyd-928,https://surrit.com/11a26896-d178-4e42-82cf-6528a70fb572/playlist.m3u8,playlist,surrit.com
https://missav123.com/dm2/en/hmn-217-uncensored-leak,hmn-217,https://surrit.com/312c715a-4fef-447d-9c49-8cc88a61eb9b/720p/video.m3u8,720p,surrit.com
https://missav123.com/dm2/en/hmn-217-uncensored-leak,hmn-217,https://surrit.com/312c715a-4fef-447d-9c49-8cc88a61eb9b/playlist.m3u8,playlist,surrit.com
https://missav123.com/dm2/en/juy-837-uncensored-leak,juy-837,https://surrit.com/0abe5b29-879b-4622-ab70-5625bdbb8796/1080p/video.m3u8,1080p,surrit.com
https://missav123.com/dm2/en/juy-837-uncensored-leak,juy-837,https://surrit.com/0abe5b29-879b-4622-ab70-5625bdbb8796/720p/video.m3u8,720p,surrit.com
https://missav123.com/dm2/en/juy-837-uncensored-leak,juy-837,https://surrit.com/0abe5b29-879b-4622-ab70-5625bdbb8796/playlist.m3u8,playlist,surrit.com
https://missav123.com/dm2/en/mimk-044-uncensored-leak,mimk-044,https://surrit.com/469ee206-b8c6-4abc-96df-9fc36ebb5b2c/1080p/video.m3u8,1080p,surrit.com
https://missav123.com/dm2/en/mimk-044-uncensored-leak,mimk-044,https://surrit.com/469ee206-b8c6-4abc-96df-9fc36ebb5b2c/720p/video.m3u8,720p,surrit.com
https://missav123.com/dm2/en/mimk-044-uncensored-leak,mimk-044,https://surrit.com/469ee206-b8c6-4abc-96df-9fc36ebb5b2c/playlist.m3u8,playlist,surrit.com
https://missav123.com/dm26/en/jul-305-uncensored-leak,jul-305,https://surrit.com/0b7fc776-79ed-4560-a514-06d0fde1ed2e/1080p/video.m3u8,1080p,surrit.com
https://missav123.com/dm26/en/jul-305-uncensored-leak,jul-305,https://surrit.com/0b7fc776-79ed-4560-a514-06d0fde1ed2e/720p/video.m3u8,720p,surrit.com
https://missav123.com/dm26/en/jul-305-uncensored-leak,jul-305,https://surrit.com/0b7fc776-79ed-4560-a514-06d0fde1ed2e/playlist.m3u8,playlist,surrit.com
https://missav123.com/dm27/en/mide-781-uncensored-leak,mide-781,https://surrit.com/056f2df3-29e0-4676-8aa4-8876c4b2a1df/1080p/video.m3u8,1080p,surrit.com
https://missav123.com/dm27/en/mide-781-uncensored-leak,mide-781,https://surrit.com/056f2df3-29e0-4676-8aa4-8876c4b2a1df/720p/video.m3u8,720p,surrit.com
https://missav123.com/dm27/en/mide-781-uncensored-leak,mide-781,https://surrit.com/056f2df3-29e0-4676-8aa4-8876c4b2a1df/playlist.m3u8,playlist,surrit.com
https://missav123.com/dm28/en/jul-859-uncensored-leak,jul-859,https://surrit.com/8c20fe2b-9d48-4295-a0cd-f7dc93a585d9/1280x720/video.m3u8,720p,surrit.com
https://missav123.com/dm28/en/jul-859-uncensored-leak,jul-859,https://surrit.com/8c20fe2b-9d48-4295-a0cd-f7dc93a585d9/842x480/video.m3u8,480p,surrit.com
https://missav123.com/dm28/en/jul-859-uncensored-leak,jul-859,https://surrit.com/8c20fe2b-9d48-4295-a0cd-f7dc93a585d9/playlist.m3u8,playlist,surrit.com
https://missav123.com/dm28/en/miab-170-uncensored-leak,miab-170,https://surrit.com/4f301670-0ad7-4194-abce-f93efc76061a/1080p/video.m3u8,1080p,surrit.com
https://missav123.com/dm28/en/miab-170-uncensored-leak,miab-170,https://surrit.com/4f301670-0ad7-4194-abce-f93efc76061a/720p/video.m3u8,720p,surrit.com
https://missav123.com/dm28/en/miab-170-uncensored-leak,miab-170,https://surrit.com/4f301670-0ad7-4194-abce-f93efc76061a/playlist.m3u8,playlist,surrit.com
https://missav123.com/dm28/en/sone-146-uncensored-leak,sone-146,https://surrit.com/790092aa-b130-44d2-9111-bb524da16f89/1080p/video.m3u8,1080p,surrit.com
https://missav123.com/dm28/en/sone-146-uncensored-leak,sone-146,https://surrit.com/790092aa-b130-44d2-9111-bb524da16f89/720p/video.m3u8,720p,surrit.com
https://missav123.com/dm28/en/sone-146-uncensored-leak,sone-146,https://surrit.com/790092aa-b130-44d2-9111-bb524da16f89/playlist.m3u8,playlist,surrit.com
https://missav123.com/dm29/en/jux-816-uncensored-leak,jux-816,https://surrit.com/49f8f259-f610-404a-b1dd-9880f9ba068b/1280x720/video.m3u8,720p,surrit.com
https://missav123.com/dm29/en/jux-816-uncensored-leak,jux-816,https://surrit.com/49f8f259-f610-404a-b1dd-9880f9ba068b/842x480/video.m3u8,480p,surrit.com
https://missav123.com/dm29/en/jux-816-uncensored-leak,jux-816,https://surrit.com/49f8f259-f610-404a-b1dd-9880f9ba068b/playlist.m3u8,playlist,surrit.com
https://missav123.com/dm29/en/waaa-462-uncensored-leak,waaa-462,https://surrit.com/cca75677-5a8a-453b-85d2-51d75e6c59b3/1080p/video.m3u8,1080p,surrit.com
https://missav123.com/dm29/en/waaa-462-uncensored-leak,waaa-462,https://surrit.com/cca75677-5a8a-453b-85d2-51d75e6c59b3/720p/video.m3u8,720p,surrit.com
https://missav123.com/dm29/en/waaa-462-uncensored-leak,waaa-462,https://surrit.com/cca75677-5a8a-453b-85d2-51d75e6c59b3/playlist.m3u8,playlist,surrit.com
https://missav123.com/dm3/en/sone-228-uncensored-leak,sone-228,https://surrit.com/8882e326-0ddb-4924-a481-d84f823a1b38/1080p/video.m3u8,1080p,surrit.com
https://missav123.com/dm3/en/sone-228-uncensored-leak,sone-228,https://surrit.com/8882e326-0ddb-4924-a481-d84f823a1b38/720p/video.m3u8,720p,surrit.com
https://missav123.com/dm3/en/sone-228-uncensored-leak,sone-228,https://surrit.com/8882e326-0ddb-4924-a481-d84f823a1b38/playlist.m3u8,playlist,surrit.com
https://missav123.com/dm30/en/sone-479-uncensored-leak,sone-479,https://surrit.com/0b7b1e14-8dec-4290-9a7d-ae8a32942aee/1080p/video.m3u8,1080p,surrit.com
https://missav123.com/dm30/en/sone-479-uncensored-leak,sone-479,https://surrit.com/0b7b1e14-8dec-4290-9a7d-ae8a32942aee/720p/video.m3u8,720p,surrit.com
https://missav123.com/dm30/en/sone-479-uncensored-leak,sone-479,https://surrit.com/0b7b1e14-8dec-4290-9a7d-ae8a32942aee/playlist.m3u8,playlist,surrit.com
https://missav123.com/dm31/en/ebwh-084-uncensored-leak,ebwh-084,https://surrit.com/3b98cab6-237f-4e3d-9bdb-559a9d8e8eec/1080p/video.m3u8,1080p,surrit.com
https://missav123.com/dm31/en/ebwh-084-uncensored-leak,ebwh-084,https://surrit.com/3b98cab6-237f-4e3d-9bdb-559a9d8e8eec/720p/video.m3u8,720p,surrit.com
https://missav123.com/dm31/en/ebwh-084-uncensored-leak,ebwh-084,https://surrit.com/3b98cab6-237f-4e3d-9bdb-559a9d8e8eec/playlist.m3u8,playlist,surrit.com
https://missav123.com/dm31/en/fc2-ppv-2430778,fc2-ppv-2430778,https://surrit.com/2951af4d-d04e-42fc-8ed6-a1665599fc51/1280x720/video.m3u8,720p,surrit.com
https://missav123.com/dm31/en/fc2-ppv-2430778,fc2-ppv-2430778,https://surrit.com/2951af4d-d04e-42fc-8ed6-a1665599fc51/842x480/video.m3u8,480p,surrit.com
https://missav123.com/dm31/en/fc2-ppv-2430778,fc2-ppv-2430778,https://surrit.com/2951af4d-d04e-42fc-8ed6-a1665599fc51/playlist.m3u8,playlist,surrit.com
https://missav123.com/dm31/en/fset-784,fset-784,https://surrit.com/ed1ed606-5b1c-496e-82a2-88329556d43a/1280x720/video.m3u8,720p,surrit.com
https://missav123.com/dm31/en/fset-784,fset-784,https://surrit.com/ed1ed606-5b1c-496e-82a2-88329556d43a/842x480/video.m3u8,480p,surrit.com
https://missav123.com/dm31/en/fset-784,fset-784,https://surrit.com/ed1ed606-5b1c-496e-82a2-88329556d43a/playlist.m3u8,playlist,surrit.com
https://missav123.com/dm31/en/k1400,k1400,https://surrit.com/1361df2f-8dd7-486c-87ac-d6acf304f6c3/1280x720/video.m3u8,720p,surrit.com
https://missav123.com/dm31/en/k1400,k1400,https://surrit.com/1361df2f-8dd7-486c-87ac-d6acf304f6c3/842x480/video.m3u8,480p,surrit.com
https://missav123.com/dm31/en/k1400,k1400,https://surrit.com/1361df2f-8dd7-486c-87ac-d6acf304f6c3/playlist.m3u8,playlist,surrit.com
https://missav123.com/dm31/en/n0843,n0843,https://surrit.com/602c934a-66a3-4177-adf5-760392825e36/1280x720/video.m3u8,720p,surrit.com
https://missav123.com/dm31/en/n0843,n0843,https://surrit.com/602c934a-66a3-4177-adf5-760392825e36/842x480/video.m3u8,480p,surrit.com
https://missav123.com/dm31/en/n0843,n0843,https://surrit.com/602c934a-66a3-4177-adf5-760392825e36/playlist.m3u8,playlist,surrit.com
https://missav123.com/dm34/en/tek-067-uncensored-leak,tek-067,https://surrit.com/f4501209-60e9-453b-bd70-2242ec42faa9/1080p/video.m3u8,1080p,surrit.com
https://missav123.com/dm34/en/tek-067-uncensored-leak,tek-067,https://surrit.com/f4501209-60e9-453b-bd70-2242ec42faa9/720p/video.m3u8,720p,surrit.com
https://missav123.com/dm34/en/tek-067-uncensored-leak,tek-067,https://surrit.com/f4501209-60e9-453b-bd70-2242ec42faa9/playlist.m3u8,playlist,surrit.com
https://missav123.com/dm36/en/ssni-799-uncensored-leak,ssni-799,https://surrit.com/535e3314-fb11-48cd-bcdf-c5066bbc3265/1280x720/video.m3u8,720p,surrit.com
https://missav123.com/dm36/en/ssni-799-uncensored-leak,ssni-799,https://surrit.com/535e3314-fb11-48cd-bcdf-c5066bbc3265/842x480/video.m3u8,480p,surrit.com
https://missav123.com/dm36/en/ssni-799-uncensored-leak,ssni-799,https://surrit.com/535e3314-fb11-48cd-bcdf-c5066bbc3265/playlist.m3u8,playlist,surrit.com
https://missav123.com/dm40/en/jul-792-uncensored-leak,jul-792,https://surrit.com/23d6cd0b-e5cc-4e01-9b86-dd513c608980/1280x720/video.m3u8,720p,surrit.com
https://missav123.com/dm40/en/jul-792-uncensored-leak,jul-792,https://surrit.com/23d6cd0b-e5cc-4e01-9b86-dd513c608980/842x480/video.m3u8,480p,surrit.com
https://missav123.com/dm40/en/jul-792-uncensored-leak,jul-792,https://surrit.com/23d6cd0b-e5cc-4e01-9b86-dd513c608980/playlist.m3u8,playlist,surrit.com
https://missav123.com/dm40/en/pred-717-uncensored-leak,pred-717,https://surrit.com/d16acf34-f9fa-4778-8a5d-56dd31363442/1080p/video.m3u8,1080p,surrit.com
https://missav123.com/dm40/en/pred-717-uncensored-leak,pred-717,https://surrit.com/d16acf34-f9fa-4778-8a5d-56dd31363442/720p/video.m3u8,720p,surrit.com
https://missav123.com/dm40/en/pred-717-uncensored-leak,pred-717,https://surrit.com/d16acf34-f9fa-4778-8a5d-56dd31363442/playlist.m3u8,playlist,surrit.com
https://missav123.com/dm41/en/miaa-430-uncensored-leak,miaa-430,https://surrit.com/9191b376-a3e0-40b8-81f7-9caac78c24d7/720p/video.m3u8,720p,surrit.com
https://missav123.com/dm41/en/miaa-430-uncensored-leak,miaa-430,https://surrit.com/9191b376-a3e0-40b8-81f7-9caac78c24d7/playlist.m3u8,playlist,surrit.com
https://missav123.com/dm42/en/adn-516-uncensored-leak,adn-516,https://surrit.com/41fa7b4d-95ec-47c8-9fe8-08cd10a7f1cc/1280x720/video.m3u8,720p,surrit.com
https://missav123.com/dm42/en/adn-516-uncensored-leak,adn-516,https://surrit.com/41fa7b4d-95ec-47c8-9fe8-08cd10a7f1cc/842x480/video.m3u8,480p,surrit.com
https://missav123.com/dm42/en/adn-516-uncensored-leak,adn-516,https://surrit.com/41fa7b4d-95ec-47c8-9fe8-08cd10a7f1cc/playlist.m3u8,playlist,surrit.com
https://missav123.com/dm44/en/juq-797-uncensored-leak,juq-797,https://surrit.com/79b4d812-ba52-4849-a270-25b8557f557a/1080p/video.m3u8,1080p,surrit.com
https://missav123.com/dm44/en/juq-797-uncensored-leak,juq-797,https://surrit.com/79b4d812-ba52-4849-a270-25b8557f557a/720p/video.m3u8,720p,surrit.com
https://missav123.com/dm44/en/juq-797-uncensored-leak,juq-797,https://surrit.com/79b4d812-ba52-4849-a270-25b8557f557a/playlist.m3u8,playlist,surrit.com
https://missav123.com/dm46/en/sone-499-uncensored-leak,sone-499,https://surrit.com/7a8e83b8-3e0b-4e5d-9ffc-d49e04f4493b/1080p/video.m3u8,1080p,surrit.com
https://missav123.com/dm46/en/sone-499-uncensored-leak,sone-499,https://surrit.com/7a8e83b8-3e0b-4e5d-9ffc-d49e04f4493b/720p/video.m3u8,720p,surrit.com
https://missav123.com/dm46/en/sone-499-uncensored-leak,sone-499,https://surrit.com/7a8e83b8-3e0b-4e5d-9ffc-d49e04f4493b/playlist.m3u8,playlist,surrit.com
https://missav123.com/dm49/en/ipzz-188-uncensored-leak,ipzz-188,https://surrit.com/135742e7-180f-48ff-9583-0c9d944c8fa7/1280x720/video.m3u8,720p,surrit.com
https://missav123.com/dm49/en/ipzz-188-uncensored-leak,ipzz-188,https://surrit.com/135742e7-180f-48ff-9583-0c9d944c8fa7/842x480/video.m3u8,480p,surrit.com
https://missav123.com/dm49/en/ipzz-188-uncensored-leak,ipzz-188,https://surrit.com/135742e7-180f-48ff-9583-0c9d944c8fa7/playlist.m3u8,playlist,surrit.com
https://missav123.com/dm5/en/fjin-058-uncensored-leak,fjin-058,https://surrit.com/49194005-09fc-46a4-a188-5e67b4bde9f7/1080p/video.m3u8,1080p,surrit.com
https://missav123.com/dm5/en/fjin-058-uncensored-leak,fjin-058,https://surrit.com/49194005-09fc-46a4-a188-5e67b4bde9f7/720p/video.m3u8,720p,surrit.com
https://missav123.com/dm5/en/fjin-058-uncensored-leak,fjin-058,https://surrit.com/49194005-09fc-46a4-a188-5e67b4bde9f7/playlist.m3u8,playlist,surrit.com
https://missav123.com/dm5/en/homa-095-uncensored-leak,homa-095,https://surrit.com/9c548864-0bdf-48e4-ba88-55917d4672e1/1080p/video.m3u8,1080p,surrit.com
https://missav123.com/dm5/en/homa-095-uncensored-leak,homa-095,https://surrit.com/9c548864-0bdf-48e4-ba88-55917d4672e1/720p/video.m3u8,720p,surrit.com
https://missav123.com/dm5/en/homa-095-uncensored-leak,homa-095,https://surrit.com/9c548864-0bdf-48e4-ba88-55917d4672e1/playlist.m3u8,playlist,surrit.com
https://missav123.com/dm51/en/ure-055-uncensored-leak,ure-055,https://surrit.com/194b555f-fa50-443b-a478-5b2c1f45f858/1280x720/video.m3u8,720p,surrit.com
https://missav123.com/dm51/en/ure-055-uncensored-leak,ure-055,https://surrit.com/194b555f-fa50-443b-a478-5b2c1f45f858/842x480/video.m3u8,480p,surrit.com
https://missav123.com/dm51/en/ure-055-uncensored-leak,ure-055,https://surrit.com/194b555f-fa50-443b-a478-5b2c1f45f858/playlist.m3u8,playlist,surrit.com
https://missav123.com/dm52/en/ssis-211-uncensored-leak,ssis-211,https://surrit.com/34a37cfb-b167-4fc5-a389-97f7af280a92/1280x720/video.m3u8,720p,surrit.com
https://missav123.com/dm52/en/ssis-211-uncensored-leak,ssis-211,https://surrit.com/34a37cfb-b167-4fc5-a389-97f7af280a92/842x480/video.m3u8,480p,surrit.com
https://missav123.com/dm52/en/ssis-211-uncensored-leak,ssis-211,https://surrit.com/34a37cfb-b167-4fc5-a389-97f7af280a92/playlist.m3u8,playlist,surrit.com
https://missav123.com/dm53/en/sone-248-uncensored-leak,sone-248,https://surrit.com/8ffc7c34-4712-48ab-9fee-66d8b148f33e/1080p/video.m3u8,1080p,surrit.com
https://missav123.com/dm53/en/sone-248-uncensored-leak,sone-248,https://surrit.com/8ffc7c34-4712-48ab-9fee-66d8b148f33e/720p/video.m3u8,720p,surrit.com
https://missav123.com/dm53/en/sone-248-uncensored-leak,sone-248,https://surrit.com/8ffc7c34-4712-48ab-9fee-66d8b148f33e/playlist.m3u8,playlist,surrit.com
https://missav123.com/dm53/en/ssis-221-uncensored-leak,ssis-221,https://surrit.com/b658fe14-ee7e-4d67-809b-5a3f4d2ef412/1280x720/video.m3u8,720p,surrit.com
https://missav123.com/dm53/en/ssis-221-uncensored-leak,ssis-221,https://surrit.com/b658fe14-ee7e-4d67-809b-5a3f4d2ef412/842x480/video.m3u8,480p,surrit.com
https://missav123.com/dm53/en/ssis-221-uncensored-leak,ssis-221,https://surrit.com/b658fe14-ee7e-4d67-809b-5a3f4d2ef412/playlist.m3u8,playlist,surrit.com
https://missav123.com/dm53/en/ssis-978-uncensored-leak,ssis-978,https://surrit.com/fe951eee-6213-4f90-a81a-ac947b0f2eb1/1280x720/video.m3u8,720p,surrit.com
https://missav123.com/dm53/en/ssis-978-uncensored-leak,ssis-978,https://surrit.com/fe951eee-6213-4f90-a81a-ac947b0f2eb1/842x480/video.m3u8,480p,surrit.com
https://missav123.com/dm53/en/ssis-978-uncensored-leak,ssis-978,https://surrit.com/fe951eee-6213-4f90-a81a-ac947b0f2eb1/playlist.m3u8,playlist,surrit.com
https://missav123.com/dm53/en/ssni-025-uncensored-leak,ssni-025,https://surrit.com/521a046b-0772-48a1-ab7b-c40f5a259644/1280x720/video.m3u8,720p,surrit.com
https://missav123.com/dm53/en/ssni-025-uncensored-leak,ssni-025,https://surrit.com/521a046b-0772-48a1-ab7b-c40f5a259644/842x480/video.m3u8,480p,surrit.com
https://missav123.com/dm53/en/ssni-025-uncensored-leak,ssni-025,https://surrit.com/521a046b-0772-48a1-ab7b-c40f5a259644/playlist.m3u8,playlist,surrit.com
https://missav123.com/dm54/en/ssni-822-uncensored-leak,ssni-822,https://surrit.com/4edfc1b9-f206-4c50-867c-6b953201343a/1280x720/video.m3u8,720p,surrit.com
https://missav123.com/dm54/en/ssni-822-uncensored-leak,ssni-822,https://surrit.com/4edfc1b9-f206-4c50-867c-6b953201343a/842x480/video.m3u8,480p,surrit.com
https://missav123.com/dm54/en/ssni-822-uncensored-leak,ssni-822,https://surrit.com/4edfc1b9-f206-4c50-867c-6b953201343a/playlist.m3u8,playlist,surrit.com
https://missav123.com/dm55/en/jul-880-uncensored-leak,jul-880,https://surrit.com/d0fb7eba-84fd-4702-8085-4384ea49bc09/1280x720/video.m3u8,720p,surrit.com
https://missav123.com/dm55/en/jul-880-uncensored-leak,jul-880,https://surrit.com/d0fb7eba-84fd-4702-8085-4384ea49bc09/842x480/video.m3u8,480p,surrit.com
https://missav123.com/dm55/en/jul-880-uncensored-leak,jul-880,https://surrit.com/d0fb7eba-84fd-4702-8085-4384ea49bc09/playlist.m3u8,playlist,surrit.com
https://missav123.com/dm56/en/cawd-658-uncensored-leak,cawd-658,https://surrit.com/6371738f-3d77-46ce-9662-93135307e5b3/1080p/video.m3u8,1080p,surrit.com
https://missav123.com/dm56/en/cawd-658-uncensored-leak,cawd-658,https://surrit.com/6371738f-3d77-46ce-9662-93135307e5b3/720p/video.m3u8,720p,surrit.com
https://missav123.com/dm56/en/cawd-658-uncensored-leak,cawd-658,https://surrit.com/6371738f-3d77-46ce-9662-93135307e5b3/playlist.m3u8,playlist,surrit.com
https://missav123.com/dm56/en/midv-615-uncensored-leak,midv-615,https://surrit.com/43b4ebdc-997b-409c-8083-0426a3121a5e/1280x720/video.m3u8,720p,surrit.com
https://missav123.com/dm56/en/midv-615-uncensored-leak,midv-615,https://surrit.com/43b4ebdc-997b-409c-8083-0426a3121a5e/842x480/video.m3u8,480p,surrit.com
https://missav123.com/dm56/en/midv-615-uncensored-leak,midv-615,https://surrit.com/43b4ebdc-997b-409c-8083-0426a3121a5e/playlist.m3u8,playlist,surrit.com
https://missav123.com/dm57/en/ssni-977-uncensored-leak,ssni-977,https://surrit.com/cd5c074a-0817-439c-b600-407a6a648103/1080p/video.m3u8,1080p,surrit.com
https://missav123.com/dm57/en/ssni-977-uncensored-leak,ssni-977,https://surrit.com/cd5c074a-0817-439c-b600-407a6a648103/720p/video.m3u8,720p,surrit.com
https://missav123.com/dm57/en/ssni-977-uncensored-leak,ssni-977,https://surrit.com/cd5c074a-0817-439c-b600-407a6a648103/playlist.m3u8,playlist,surrit.com
https://missav123.com/dm59/en/ipzz-162-uncensored-leak,ipzz-162,https://surrit.com/53fde770-53f9-4208-9121-9c816e9de46a/1280x720/video.m3u8,720p,surrit.com
https://missav123.com/dm59/en/ipzz-162-uncensored-leak,ipzz-162,https://surrit.com/53fde770-53f9-4208-9121-9c816e9de46a/842x480/video.m3u8,480p,surrit.com
https://missav123.com/dm59/en/ipzz-162-uncensored-leak,ipzz-162,https://surrit.com/53fde770-53f9-4208-9121-9c816e9de46a/playlist.m3u8,playlist,surrit.com
https://missav123.com/dm59/en/meyd-893-uncensored-leak,meyd-893,https://surrit.com/bbb333b9-c2f9-45f6-acfc-0acfbeb92a22/1080p/video.m3u8,1080p,surrit.com
https://missav123.com/dm59/en/meyd-893-uncensored-leak,meyd-893,https://surrit.com/bbb333b9-c2f9-45f6-acfc-0acfbeb92a22/720p/video.m3u8,720p,surrit.com
https://missav123.com/dm59/en/meyd-893-uncensored-leak,meyd-893,https://surrit.com/bbb333b9-c2f9-45f6-acfc-0acfbeb92a22/playlist.m3u8,playlist,surrit.com
https://missav123.com/dm60/en/juq-982-uncensored-leak,juq-982,https://surrit.com/931eb7dc-8ae4-4fa3-868e-f1dd8046014c/720p/video.m3u8,720p,surrit.com
https://missav123.com/dm60/en/juq-982-uncensored-leak,juq-982,https://surrit.com/931eb7dc-8ae4-4fa3-868e-f1dd8046014c/playlist.m3u8,playlist,surrit.com
https://missav123.com/dm62/en/nima-030-uncensored-leak,nima-030,https://surrit.com/3f7f7b6e-2db7-4d15-9f1c-a15ac4937cca/1080p/video.m3u8,1080p,surrit.com
https://missav123.com/dm62/en/nima-030-uncensored-leak,nima-030,https://surrit.com/3f7f7b6e-2db7-4d15-9f1c-a15ac4937cca/720p/video.m3u8,720p,surrit.com
https://missav123.com/dm62/en/nima-030-uncensored-leak,nima-030,https://surrit.com/3f7f7b6e-2db7-4d15-9f1c-a15ac4937cca/playlist.m3u8,playlist,surrit.com
https://missav123.com/dm65/en/ipx-758-uncensored-leak,ipx-758,https://surrit.com/a53c2489-24d6-48e5-aa5f-06085f18fed3/1280x720/video.m3u8,720p,surrit.com
https://missav123.com/dm65/en/ipx-758-uncensored-leak,ipx-758,https://surrit.com/a53c2489-24d6-48e5-aa5f-06085f18fed3/842x480/video.m3u8,480p,surrit.com
https://missav123.com/dm65/en/ipx-758-uncensored-leak,ipx-758,https://surrit.com/a53c2489-24d6-48e5-aa5f-06085f18fed3/playlist.m3u8,playlist,surrit.com
https://missav123.com/dm66/en/ipzz-153-uncensored-leak,ipzz-153,https://surrit.com/d1450139-a732-4842-b012-b0612b8c5a7e/1280x720/video.m3u8,720p,surrit.com
https://missav123.com/dm66/en/ipzz-153-uncensored-leak,ipzz-153,https://surrit.com/d1450139-a732-4842-b012-b0612b8c5a7e/842x480/video.m3u8,480p,surrit.com
https://missav123.com/dm66/en/ipzz-153-uncensored-leak,ipzz-153,https://surrit.com/d1450139-a732-4842-b012-b0612b8c5a7e/playlist.m3u8,playlist,surrit.com
https://missav123.com/dm67/en/achj-005-uncensored-leak,achj-005,https://surrit.com/51e77f82-8d1f-4fde-8b41-53170f001aad/1280x720/video.m3u8,720p,surrit.com
https://missav123.com/dm67/en/achj-005-uncensored-leak,achj-005,https://surrit.com/51e77f82-8d1f-4fde-8b41-53170f001aad/842x480/video.m3u8,480p,surrit.com
https://missav123.com/dm67/en/achj-005-uncensored-leak,achj-005,https://surrit.com/51e77f82-8d1f-4fde-8b41-53170f001aad/playlist.m3u8,playlist,surrit.com
https://missav123.com/dm69/en/cawd-621-uncensored-leak,cawd-621,https://surrit.com/fdd9638e-28a0-4d75-9093-e80f0bdbc97f/1280x720/video.m3u8,720p,surrit.com
https://missav123.com/dm69/en/cawd-621-uncensored-leak,cawd-621,https://surrit.com/fdd9638e-28a0-4d75-9093-e80f0bdbc97f/842x480/video.m3u8,480p,surrit.com
https://missav123.com/dm69/en/cawd-621-uncensored-leak,cawd-621,https://surrit.com/fdd9638e-28a0-4d75-9093-e80f0bdbc97f/playlist.m3u8,playlist,surrit.com
https://missav123.com/dm69/en/mudr-285-uncensored-leak,mudr-285,https://surrit.com/93e3a138-ce2a-47f4-b415-2d1ce65feb40/1080p/video.m3u8,1080p,surrit.com
https://missav123.com/dm69/en/mudr-285-uncensored-leak,mudr-285,https://surrit.com/93e3a138-ce2a-47f4-b415-2d1ce65feb40/720p/video.m3u8,720p,surrit.com
https://missav123.com/dm69/en/mudr-285-uncensored-leak,mudr-285,https://surrit.com/93e3a138-ce2a-47f4-b415-2d1ce65feb40/playlist.m3u8,playlist,surrit.com
https://missav123.com/dm69/en/ssis-509-uncensored-leak,ssis-509,https://surrit.com/02966a00-04e2-44cb-b3ee-a57ce5bb9f99/1280x720/video.m3u8,720p,surrit.com
https://missav123.com/dm69/en/ssis-509-uncensored-leak,ssis-509,https://surrit.com/02966a00-04e2-44cb-b3ee-a57ce5bb9f99/842x480/video.m3u8,480p,surrit.com
https://missav123.com/dm69/en/ssis-509-uncensored-leak,ssis-509,https://surrit.com/02966a00-04e2-44cb-b3ee-a57ce5bb9f99/playlist.m3u8,playlist,surrit.com
https://missav123.com/dm70/en/ssis-615-uncensored-leak,ssis-615,https://surrit.com/fa9ac0d8-dfe9-4813-87e0-e52821e4f6e2/1280x720/video.m3u8,720p,surrit.com
https://missav123.com/dm70/en/ssis-615-uncensored-leak,ssis-615,https://surrit.com/fa9ac0d8-dfe9-4813-87e0-e52821e4f6e2/842x480/video.m3u8,480p,surrit.com
https://missav123.com/dm70/en/ssis-615-uncensored-leak,ssis-615,https://surrit.com/fa9ac0d8-dfe9-4813-87e0-e52821e4f6e2/playlist.m3u8,playlist,surrit.com
https://missav123.com/dm77/en/midv-229-uncensored-leak,midv-229,https://surrit.com/07bae3f6-5c90-40a0-8993-7f49ef16216f/1280x720/video.m3u8,720p,surrit.com
https://missav123.com/dm77/en/midv-229-uncensored-leak,midv-229,https://surrit.com/07bae3f6-5c90-40a0-8993-7f49ef16216f/842x480/video.m3u8,480p,surrit.com
https://missav123.com/dm77/en/midv-229-uncensored-leak,midv-229,https://surrit.com/07bae3f6-5c90-40a0-8993-7f49ef16216f/playlist.m3u8,playlist,surrit.com
https://missav123.com/dm78/en/mide-113-uncensored-leak,mide-113,https://surrit.com/6ffc9749-30e2-4d0f-8d97-2b284cacf769/1280x720/video.m3u8,720p,surrit.com
https://missav123.com/dm78/en/mide-113-uncensored-leak,mide-113,https://surrit.com/6ffc9749-30e2-4d0f-8d97-2b284cacf769/842x480/video.m3u8,480p,surrit.com
https://missav123.com/dm78/en/mide-113-uncensored-leak,mide-113,https://surrit.com/6ffc9749-30e2-4d0f-8d97-2b284cacf769/playlist.m3u8,playlist,surrit.com
https://missav123.com/dm79/en/ssis-532-uncensored-leak,ssis-532,https://surrit.com/3b55cdf2-43e7-45f3-9f2a-56ca9768ba8b/1280x720/video.m3u8,720p,surrit.com
https://missav123.com/dm79/en/ssis-532-uncensored-leak,ssis-532,https://surrit.com/3b55cdf2-43e7-45f3-9f2a-56ca9768ba8b/842x480/video.m3u8,480p,surrit.com
https://missav123.com/dm79/en/ssis-532-uncensored-leak,ssis-532,https://surrit.com/3b55cdf2-43e7-45f3-9f2a-56ca9768ba8b/playlist.m3u8,playlist,surrit.com
https://missav123.com/dm80/en/ipx-940-uncensored-leak,ipx-940,https://surrit.com/f35fc5c6-6a97-4392-bb18-8f37b98b804f/1280x720/video.m3u8,720p,surrit.com
https://missav123.com/dm80/en/ipx-940-uncensored-leak,ipx-940,https://surrit.com/f35fc5c6-6a97-4392-bb18-8f37b98b804f/842x480/video.m3u8,480p,surrit.com
https://missav123.com/dm80/en/ipx-940-uncensored-leak,ipx-940,https://surrit.com/f35fc5c6-6a97-4392-bb18-8f37b98b804f/playlist.m3u8,playlist,surrit.com
https://missav123.com/dm81/en/ipx-883-uncensored-leak,ipx-883,https://surrit.com/26758194-9358-4e41-8b9f-5bf3a4b65424/1280x720/video.m3u8,720p,surrit.com
https://missav123.com/dm81/en/ipx-883-uncensored-leak,ipx-883,https://surrit.com/26758194-9358-4e41-8b9f-5bf3a4b65424/842x480/video.m3u8,480p,surrit.com
https://missav123.com/dm81/en/ipx-883-uncensored-leak,ipx-883,https://surrit.com/26758194-9358-4e41-8b9f-5bf3a4b65424/playlist.m3u8,playlist,surrit.com
https://missav123.com/dm81/en/miaa-692-uncensored-leak,miaa-692,https://surrit.com/79ab0abc-bce8-40ce-9dc8-ccecc91ec75d/1280x720/video.m3u8,720p,surrit.com
https://missav123.com/dm81/en/miaa-692-uncensored-leak,miaa-692,https://surrit.com/79ab0abc-bce8-40ce-9dc8-ccecc91ec75d/842x480/video.m3u8,480p,surrit.com
https://missav123.com/dm81/en/miaa-692-uncensored-leak,miaa-692,https://surrit.com/79ab0abc-bce8-40ce-9dc8-ccecc91ec75d/playlist.m3u8,playlist,surrit.com
https://missav123.com/dm81/en/midv-223-uncensored-leak,midv-223,https://surrit.com/684e5bc4-12f3-4bcc-b7c2-97a933e7ea12/1280x720/video.m3u8,720p,surrit.com
https://missav123.com/dm81/en/midv-223-uncensored-leak,midv-223,https://surrit.com/684e5bc4-12f3-4bcc-b7c2-97a933e7ea12/842x480/video.m3u8,480p,surrit.com
https://missav123.com/dm81/en/midv-223-uncensored-leak,midv-223,https://surrit.com/684e5bc4-12f3-4bcc-b7c2-97a933e7ea12/playlist.m3u8,playlist,surrit.com
https://missav123.com/dm99/en/ipx-974-uncensored-leak,ipx-974,https://surrit.com/286bc129-e178-41e2-b91e-ecc882ec650d/1280x720/video.m3u8,720p,surrit.com
https://missav123.com/dm99/en/ipx-974-uncensored-leak,ipx-974,https://surrit.com/286bc129-e178-41e2-b91e-ecc882ec650d/842x480/video.m3u8,480p,surrit.com
https://missav123.com/dm99/en/ipx-974-uncensored-leak,ipx-974,https://surrit.com/286bc129-e178-41e2-b91e-ecc882ec650d/playlist.m3u8,playlist,surrit.com
https://missav123.com/en/abf-226-english-subtitle,abf-226,https://surrit.com/fff1c2af-e685-4bca-8aa4-9345e88c7bf2/1080p/video.m3u8,1080p,surrit.com
https://missav123.com/en/abf-226-english-subtitle,abf-226,https://surrit.com/fff1c2af-e685-4bca-8aa4-9345e88c7bf2/720p/video.m3u8,720p,surrit.com
https://missav123.com/en/abf-226-english-subtitle,abf-226,https://surrit.com/fff1c2af-e685-4bca-8aa4-9345e88c7bf2/playlist.m3u8,playlist,surrit.com
https://missav123.com/en/abf-383,abf-383,https://surrit.com/e48544ec-b55c-429a-b170-b34857d1ae45/720p/video.m3u8,720p,surrit.com
https://missav123.com/en/abf-383,abf-383,https://surrit.com/e48544ec-b55c-429a-b170-b34857d1ae45/playlist.m3u8,playlist,surrit.com
https://missav123.com/en/abf-384,abf-384,https://surrit.com/464da000-856a-4395-9150-76755e93c4e2/720p/video.m3u8,720p,surrit.com
https://missav123.com/en/abf-384,abf-384,https://surrit.com/464da000-856a-4395-9150-76755e93c4e2/playlist.m3u8,playlist,surrit.com
https://missav123.com/en/dass-566-uncensored-leak,dass-566,https://surrit.com/c9582652-3bea-4ec6-b931-e668ba3bff7a/1080p/video.m3u8,1080p,surrit.com
https://missav123.com/en/dass-566-uncensored-leak,dass-566,https://surrit.com/c9582652-3bea-4ec6-b931-e668ba3bff7a/720p/video.m3u8,720p,surrit.com
https://missav123.com/en/dass-566-uncensored-leak,dass-566,https://surrit.com/c9582652-3bea-4ec6-b931-e668ba3bff7a/playlist.m3u8,playlist,surrit.com
https://missav123.com/en/dass-601-uncensored-leak,dass-601,https://surrit.com/d26c727e-4b85-44a1-b9c8-78e39246613c/1080p/video.m3u8,1080p,surrit.com
https://missav123.com/en/dass-601-uncensored-leak,dass-601,https://surrit.com/d26c727e-4b85-44a1-b9c8-78e39246613c/720p/video.m3u8,720p,surrit.com
https://missav123.com/en/dass-601-uncensored-leak,dass-601,https://surrit.com/d26c727e-4b85-44a1-b9c8-78e39246613c/playlist.m3u8,playlist,surrit.com
https://missav123.com/en/dldss-343-uncensored-leak,dldss-343,https://surrit.com/3303b244-68e0-4f3e-aafe-3a466e858047/1080p/video.m3u8,1080p,surrit.com
https://missav123.com/en/dldss-343-uncensored-leak,dldss-343,https://surrit.com/3303b244-68e0-4f3e-aafe-3a466e858047/720p/video.m3u8,720p,surrit.com
https://missav123.com/en/dldss-343-uncensored-leak,dldss-343,https://surrit.com/3303b244-68e0-4f3e-aafe-3a466e858047/playlist.m3u8,playlist,surrit.com
https://missav123.com/en/dldss-533,dldss-533,https://surrit.com/008b6978-6a06-4a37-9ae7-5ce099e1b174/1080p/video.m3u8,1080p,surrit.com
https://missav123.com/en/dldss-533,dldss-533,https://surrit.com/008b6978-6a06-4a37-9ae7-5ce099e1b174/720p/video.m3u8,720p,surrit.com
https://missav123.com/en/dldss-533,dldss-533,https://surrit.com/008b6978-6a06-4a37-9ae7-5ce099e1b174/playlist.m3u8,playlist,surrit.com
https://missav123.com/en/dvaj-509-uncensored-leak,dvaj-509,https://surrit.com/d9eb3e1b-5fb0-4c33-bf03-795d587a804f/1080p/video.m3u8,1080p,surrit.com
https://missav123.com/en/dvaj-509-uncensored-leak,dvaj-509,https://surrit.com/d9eb3e1b-5fb0-4c33-bf03-795d587a804f/720p/video.m3u8,720p,surrit.com
https://missav123.com/en/dvaj-509-uncensored-leak,dvaj-509,https://surrit.com/d9eb3e1b-5fb0-4c33-bf03-795d587a804f/playlist.m3u8,playlist,surrit.com
https://missav123.com/en/fays-016,fays-016,https://surrit.com/aa842117-3eb1-45a1-9d29-4eece8209f3f/720p/video.m3u8,720p,surrit.com
https://missav123.com/en/fays-016,fays-016,https://surrit.com/aa842117-3eb1-45a1-9d29-4eece8209f3f/playlist.m3u8,playlist,surrit.com
https://missav123.com/en/fc2-ppv-4950370,fc2-ppv-4950370,https://surrit.com/f0f028cd-447c-402f-a3bf-02c274997c9c/1080p/video.m3u8,1080p,surrit.com
https://missav123.com/en/fc2-ppv-4950370,fc2-ppv-4950370,https://surrit.com/f0f028cd-447c-402f-a3bf-02c274997c9c/720p/video.m3u8,720p,surrit.com
https://missav123.com/en/fc2-ppv-4950370,fc2-ppv-4950370,https://surrit.com/f0f028cd-447c-402f-a3bf-02c274997c9c/playlist.m3u8,playlist,surrit.com
https://missav123.com/en/fc2-ppv-4967569,fc2-ppv-4967569,https://surrit.com/99bf3645-beef-42c3-9ffc-1792b5709c0a/720p/video.m3u8,720p,surrit.com
https://missav123.com/en/fc2-ppv-4967569,fc2-ppv-4967569,https://surrit.com/99bf3645-beef-42c3-9ffc-1792b5709c0a/playlist.m3u8,playlist,surrit.com
https://missav123.com/en/fc2-ppv-4970425,fc2-ppv-4970425,https://surrit.com/0ca0b8c9-40b9-42f3-8802-a21b25284561/720p/video.m3u8,720p,surrit.com
https://missav123.com/en/fc2-ppv-4970425,fc2-ppv-4970425,https://surrit.com/0ca0b8c9-40b9-42f3-8802-a21b25284561/playlist.m3u8,playlist,surrit.com
https://missav123.com/en/fc2-ppv-4971468,fc2-ppv-4971468,https://surrit.com/e6418a86-fac2-41e7-b381-8f0d56f30a07/1080p/video.m3u8,1080p,surrit.com
https://missav123.com/en/fc2-ppv-4971468,fc2-ppv-4971468,https://surrit.com/e6418a86-fac2-41e7-b381-8f0d56f30a07/720p/video.m3u8,720p,surrit.com
https://missav123.com/en/fc2-ppv-4971468,fc2-ppv-4971468,https://surrit.com/e6418a86-fac2-41e7-b381-8f0d56f30a07/playlist.m3u8,playlist,surrit.com
https://missav123.com/en/fc2-ppv-4971471,fc2-ppv-4971471,https://surrit.com/5c294969-dad0-43d9-bf61-28967bf006dc/1080p/video.m3u8,1080p,surrit.com
https://missav123.com/en/fc2-ppv-4971471,fc2-ppv-4971471,https://surrit.com/5c294969-dad0-43d9-bf61-28967bf006dc/720p/video.m3u8,720p,surrit.com
https://missav123.com/en/fc2-ppv-4971471,fc2-ppv-4971471,https://surrit.com/5c294969-dad0-43d9-bf61-28967bf006dc/playlist.m3u8,playlist,surrit.com
https://missav123.com/en/fc2-ppv-4971620,fc2-ppv-4971620,https://surrit.com/c686ca50-2a55-4a85-af76-dee03d0f0878/720p/video.m3u8,720p,surrit.com
https://missav123.com/en/fc2-ppv-4971620,fc2-ppv-4971620,https://surrit.com/c686ca50-2a55-4a85-af76-dee03d0f0878/playlist.m3u8,playlist,surrit.com
https://missav123.com/en/fc2-ppv-4972769,fc2-ppv-4972769,https://surrit.com/7a467b62-988f-4e14-bc20-fdb0c4c72823/720p/video.m3u8,720p,surrit.com
https://missav123.com/en/fc2-ppv-4972769,fc2-ppv-4972769,https://surrit.com/7a467b62-988f-4e14-bc20-fdb0c4c72823/playlist.m3u8,playlist,surrit.com
https://missav123.com/en/fc2-ppv-4973496,fc2-ppv-4973496,https://surrit.com/f04db364-8e80-4209-ad04-bb13aba2f180/720p/video.m3u8,720p,surrit.com
https://missav123.com/en/fc2-ppv-4973496,fc2-ppv-4973496,https://surrit.com/f04db364-8e80-4209-ad04-bb13aba2f180/playlist.m3u8,playlist,surrit.com
https://missav123.com/en/fc2-ppv-4973783,fc2-ppv-4973783,https://surrit.com/5544666d-ab31-4995-b801-dbbef3c75ecc/720p/video.m3u8,720p,surrit.com
https://missav123.com/en/fc2-ppv-4973783,fc2-ppv-4973783,https://surrit.com/5544666d-ab31-4995-b801-dbbef3c75ecc/playlist.m3u8,playlist,surrit.com
https://missav123.com/en/fc2-ppv-4974355,fc2-ppv-4974355,https://surrit.com/ca8de6d4-5532-46bc-8fde-64ad3ca98a55/720p/video.m3u8,720p,surrit.com
https://missav123.com/en/fc2-ppv-4974355,fc2-ppv-4974355,https://surrit.com/ca8de6d4-5532-46bc-8fde-64ad3ca98a55/playlist.m3u8,playlist,surrit.com
https://missav123.com/en/fc2-ppv-4974483,fc2-ppv-4974483,https://surrit.com/3ed0c96a-eeeb-4b63-a1f7-aef016aac032/720p/video.m3u8,720p,surrit.com
https://missav123.com/en/fc2-ppv-4974483,fc2-ppv-4974483,https://surrit.com/3ed0c96a-eeeb-4b63-a1f7-aef016aac032/playlist.m3u8,playlist,surrit.com
https://missav123.com/en/fc2-ppv-4974486,fc2-ppv-4974486,https://surrit.com/e4e02de1-a9ab-4557-9756-c2f3d330f15a/720p/video.m3u8,720p,surrit.com
https://missav123.com/en/fc2-ppv-4974486,fc2-ppv-4974486,https://surrit.com/e4e02de1-a9ab-4557-9756-c2f3d330f15a/playlist.m3u8,playlist,surrit.com
https://missav123.com/en/fc2-ppv-4974497,fc2-ppv-4974497,https://surrit.com/dd5909b3-d063-40eb-95fc-884eaa0f21e0/720p/video.m3u8,720p,surrit.com
https://missav123.com/en/fc2-ppv-4974497,fc2-ppv-4974497,https://surrit.com/dd5909b3-d063-40eb-95fc-884eaa0f21e0/playlist.m3u8,playlist,surrit.com
https://missav123.com/en/fc2-ppv-4974504,fc2-ppv-4974504,https://surrit.com/d1f8b2ad-e191-4fed-953d-76ec4ddbc287/720p/video.m3u8,720p,surrit.com
https://missav123.com/en/fc2-ppv-4974504,fc2-ppv-4974504,https://surrit.com/d1f8b2ad-e191-4fed-953d-76ec4ddbc287/playlist.m3u8,playlist,surrit.com
https://missav123.com/en/fc2-ppv-4974507,fc2-ppv-4974507,https://surrit.com/55e2209d-fb25-4562-a3ac-4f859cf7c322/1080p/video.m3u8,1080p,surrit.com
https://missav123.com/en/fc2-ppv-4974507,fc2-ppv-4974507,https://surrit.com/55e2209d-fb25-4562-a3ac-4f859cf7c322/720p/video.m3u8,720p,surrit.com
https://missav123.com/en/fc2-ppv-4974507,fc2-ppv-4974507,https://surrit.com/55e2209d-fb25-4562-a3ac-4f859cf7c322/playlist.m3u8,playlist,surrit.com
https://missav123.com/en/fc2-ppv-4974514,fc2-ppv-4974514,https://surrit.com/39311dca-d835-4202-a286-1c698047fa83/720p/video.m3u8,720p,surrit.com
https://missav123.com/en/fc2-ppv-4974514,fc2-ppv-4974514,https://surrit.com/39311dca-d835-4202-a286-1c698047fa83/playlist.m3u8,playlist,surrit.com
https://missav123.com/en/fct-229,fct-229,https://surrit.com/d25687e6-c302-47f4-8dd0-0c144d0df2fa/720p/video.m3u8,720p,surrit.com
https://missav123.com/en/fct-229,fct-229,https://surrit.com/d25687e6-c302-47f4-8dd0-0c144d0df2fa/playlist.m3u8,playlist,surrit.com
https://missav123.com/en/fit-008,fit-008,https://surrit.com/fabfa4f4-c473-488d-9b21-d4dbb92ed950/720p/video.m3u8,720p,surrit.com
https://missav123.com/en/fit-008,fit-008,https://surrit.com/fabfa4f4-c473-488d-9b21-d4dbb92ed950/playlist.m3u8,playlist,surrit.com
https://missav123.com/en/fns-256,fns-256,https://surrit.com/9d1adb79-6147-4a52-9660-778ddd050acc/720p/video.m3u8,720p,surrit.com
https://missav123.com/en/fns-256,fns-256,https://surrit.com/9d1adb79-6147-4a52-9660-778ddd050acc/playlist.m3u8,playlist,surrit.com
https://missav123.com/en/fsdss-687-uncensored-leak,fsdss-687,https://surrit.com/ed2f60af-e8b6-4761-bba0-5a0e5863e2a3/1280x720/video.m3u8,720p,surrit.com
https://missav123.com/en/fsdss-687-uncensored-leak,fsdss-687,https://surrit.com/ed2f60af-e8b6-4761-bba0-5a0e5863e2a3/842x480/video.m3u8,480p,surrit.com
https://missav123.com/en/fsdss-687-uncensored-leak,fsdss-687,https://surrit.com/ed2f60af-e8b6-4761-bba0-5a0e5863e2a3/playlist.m3u8,playlist,surrit.com
https://missav123.com/en/fsdss-856-uncensored-leak,fsdss-856,https://surrit.com/2c4bd602-2cfe-4b6a-b76f-301cdf59e8b5/1080p/video.m3u8,1080p,surrit.com
https://missav123.com/en/fsdss-856-uncensored-leak,fsdss-856,https://surrit.com/2c4bd602-2cfe-4b6a-b76f-301cdf59e8b5/720p/video.m3u8,720p,surrit.com
https://missav123.com/en/fsdss-856-uncensored-leak,fsdss-856,https://surrit.com/2c4bd602-2cfe-4b6a-b76f-301cdf59e8b5/playlist.m3u8,playlist,surrit.com
https://missav123.com/en/fsdss-913-uncensored-leak,fsdss-913,https://surrit.com/0313dd4f-b969-45a2-8762-0c9c1b67dd7a/1080p/video.m3u8,1080p,surrit.com
https://missav123.com/en/fsdss-913-uncensored-leak,fsdss-913,https://surrit.com/0313dd4f-b969-45a2-8762-0c9c1b67dd7a/720p/video.m3u8,720p,surrit.com
https://missav123.com/en/fsdss-913-uncensored-leak,fsdss-913,https://surrit.com/0313dd4f-b969-45a2-8762-0c9c1b67dd7a/playlist.m3u8,playlist,surrit.com
https://missav123.com/en/gana-3447,gana-3447,https://surrit.com/7ca0762a-3f3d-4c92-aff1-07ee835a1f13/720p/video.m3u8,720p,surrit.com
https://missav123.com/en/gana-3447,gana-3447,https://surrit.com/7ca0762a-3f3d-4c92-aff1-07ee835a1f13/playlist.m3u8,playlist,surrit.com
https://missav123.com/en/hez-916,hez-916,https://surrit.com/0874a8e1-aa09-4f56-890a-75cc2b9a2b8c/1080p/video.m3u8,1080p,surrit.com
https://missav123.com/en/hez-916,hez-916,https://surrit.com/0874a8e1-aa09-4f56-890a-75cc2b9a2b8c/720p/video.m3u8,720p,surrit.com
https://missav123.com/en/hez-916,hez-916,https://surrit.com/0874a8e1-aa09-4f56-890a-75cc2b9a2b8c/playlist.m3u8,playlist,surrit.com
https://missav123.com/en/hez-919,hez-919,https://surrit.com/84789b30-3de4-43b2-b88d-508e87e307ec/1080p/video.m3u8,1080p,surrit.com
https://missav123.com/en/hez-919,hez-919,https://surrit.com/84789b30-3de4-43b2-b88d-508e87e307ec/720p/video.m3u8,720p,surrit.com
https://missav123.com/en/hez-919,hez-919,https://surrit.com/84789b30-3de4-43b2-b88d-508e87e307ec/playlist.m3u8,playlist,surrit.com
https://missav123.com/en/hez-920,hez-920,https://surrit.com/5f51b101-91f5-4227-9d7a-731202b59dcb/1080p/video.m3u8,1080p,surrit.com
https://missav123.com/en/hez-920,hez-920,https://surrit.com/5f51b101-91f5-4227-9d7a-731202b59dcb/720p/video.m3u8,720p,surrit.com
https://missav123.com/en/hez-920,hez-920,https://surrit.com/5f51b101-91f5-4227-9d7a-731202b59dcb/playlist.m3u8,playlist,surrit.com
https://missav123.com/en/hez-922,hez-922,https://surrit.com/eb476b5f-9075-457f-a67e-0f53d12fbc89/1080p/video.m3u8,1080p,surrit.com
https://missav123.com/en/hez-922,hez-922,https://surrit.com/eb476b5f-9075-457f-a67e-0f53d12fbc89/720p/video.m3u8,720p,surrit.com
https://missav123.com/en/hez-922,hez-922,https://surrit.com/eb476b5f-9075-457f-a67e-0f53d12fbc89/playlist.m3u8,playlist,surrit.com
https://missav123.com/en/hhl-158,hhl-158,https://surrit.com/6fb79ed9-9b44-4b0d-92d1-17b24f84fd19/1080p/video.m3u8,1080p,surrit.com
https://missav123.com/en/hhl-158,hhl-158,https://surrit.com/6fb79ed9-9b44-4b0d-92d1-17b24f84fd19/720p/video.m3u8,720p,surrit.com
https://missav123.com/en/hhl-158,hhl-158,https://surrit.com/6fb79ed9-9b44-4b0d-92d1-17b24f84fd19/playlist.m3u8,playlist,surrit.com
https://missav123.com/en/hjmo-676-uncensored-leak,hjmo-676,https://surrit.com/95c3e188-f3ab-438f-93e7-287646a6ad1f/1080p/video.m3u8,1080p,surrit.com
https://missav123.com/en/hjmo-676-uncensored-leak,hjmo-676,https://surrit.com/95c3e188-f3ab-438f-93e7-287646a6ad1f/720p/video.m3u8,720p,surrit.com
https://missav123.com/en/hjmo-676-uncensored-leak,hjmo-676,https://surrit.com/95c3e188-f3ab-438f-93e7-287646a6ad1f/playlist.m3u8,playlist,surrit.com
https://missav123.com/en/hmdnv-954,hmdnv-954,https://surrit.com/d9f627cc-49a9-43a1-857d-de958e869aa3/1080p/video.m3u8,1080p,surrit.com
https://missav123.com/en/hmdnv-954,hmdnv-954,https://surrit.com/d9f627cc-49a9-43a1-857d-de958e869aa3/720p/video.m3u8,720p,surrit.com
https://missav123.com/en/hmdnv-954,hmdnv-954,https://surrit.com/d9f627cc-49a9-43a1-857d-de958e869aa3/playlist.m3u8,playlist,surrit.com
https://missav123.com/en/hmn-697-english-subtitle,hmn-697,https://surrit.com/846e36c9-f258-433e-b09d-c938a178ea6d/1080p/video.m3u8,1080p,surrit.com
https://missav123.com/en/hmn-697-english-subtitle,hmn-697,https://surrit.com/846e36c9-f258-433e-b09d-c938a178ea6d/720p/video.m3u8,720p,surrit.com
https://missav123.com/en/hmn-697-english-subtitle,hmn-697,https://surrit.com/846e36c9-f258-433e-b09d-c938a178ea6d/playlist.m3u8,playlist,surrit.com
https://missav123.com/en/hsm-090,hsm-090,https://surrit.com/22780f3a-2975-4227-b3a0-3ec9b8d289f1/720p/video.m3u8,720p,surrit.com
https://missav123.com/en/hsm-090,hsm-090,https://surrit.com/22780f3a-2975-4227-b3a0-3ec9b8d289f1/playlist.m3u8,playlist,surrit.com
https://missav123.com/en/hsoda-060-uncensored-leak,hsoda-060,https://surrit.com/39d38d75-c119-4b35-8457-d919e49801ba/1080p/video.m3u8,1080p,surrit.com
https://missav123.com/en/hsoda-060-uncensored-leak,hsoda-060,https://surrit.com/39d38d75-c119-4b35-8457-d919e49801ba/720p/video.m3u8,720p,surrit.com
https://missav123.com/en/hsoda-060-uncensored-leak,hsoda-060,https://surrit.com/39d38d75-c119-4b35-8457-d919e49801ba/playlist.m3u8,playlist,surrit.com
https://missav123.com/en/hsoda-061-uncensored-leak,hsoda-061,https://surrit.com/4b3a5644-973b-4353-815d-10b702057919/1080p/video.m3u8,1080p,surrit.com
https://missav123.com/en/hsoda-061-uncensored-leak,hsoda-061,https://surrit.com/4b3a5644-973b-4353-815d-10b702057919/720p/video.m3u8,720p,surrit.com
https://missav123.com/en/hsoda-061-uncensored-leak,hsoda-061,https://surrit.com/4b3a5644-973b-4353-815d-10b702057919/playlist.m3u8,playlist,surrit.com
https://missav123.com/en/htms-119-english-subtitle,htms-119,https://surrit.com/733db06a-fb7d-4e66-b3f4-b6435f1f0f79/1080p/video.m3u8,1080p,surrit.com
https://missav123.com/en/htms-119-english-subtitle,htms-119,https://surrit.com/733db06a-fb7d-4e66-b3f4-b6435f1f0f79/720p/video.m3u8,720p,surrit.com
https://missav123.com/en/htms-119-english-subtitle,htms-119,https://surrit.com/733db06a-fb7d-4e66-b3f4-b6435f1f0f79/playlist.m3u8,playlist,surrit.com
https://missav123.com/en/huntc-278-uncensored-leak,huntc-278,https://surrit.com/8fa6035f-4a57-4b42-9fd0-ac4c2adcec57/1080p/video.m3u8,1080p,surrit.com
https://missav123.com/en/huntc-278-uncensored-leak,huntc-278,https://surrit.com/8fa6035f-4a57-4b42-9fd0-ac4c2adcec57/720p/video.m3u8,720p,surrit.com
https://missav123.com/en/huntc-278-uncensored-leak,huntc-278,https://surrit.com/8fa6035f-4a57-4b42-9fd0-ac4c2adcec57/playlist.m3u8,playlist,surrit.com
https://missav123.com/en/hzgd-299-uncensored-leak,hzgd-299,https://surrit.com/bed0c5c6-1cf9-40a9-b823-b54eb8de90f8/1080p/video.m3u8,1080p,surrit.com
https://missav123.com/en/hzgd-299-uncensored-leak,hzgd-299,https://surrit.com/bed0c5c6-1cf9-40a9-b823-b54eb8de90f8/720p/video.m3u8,720p,surrit.com
https://missav123.com/en/hzgd-299-uncensored-leak,hzgd-299,https://surrit.com/bed0c5c6-1cf9-40a9-b823-b54eb8de90f8/playlist.m3u8,playlist,surrit.com
https://missav123.com/en/id-005-8,id-005-8,https://surrit.com/eaf2f75b-8ebd-415a-9ed0-7c69c2b090cd/720p/video.m3u8,720p,surrit.com
https://missav123.com/en/id-005-8,id-005-8,https://surrit.com/eaf2f75b-8ebd-415a-9ed0-7c69c2b090cd/playlist.m3u8,playlist,surrit.com
https://missav123.com/en/ipzz-506-uncensored-leak,ipzz-506,https://surrit.com/e9fe4d81-df0c-4381-b1ae-dbafadf2150b/1080p/video.m3u8,1080p,surrit.com
https://missav123.com/en/ipzz-506-uncensored-leak,ipzz-506,https://surrit.com/e9fe4d81-df0c-4381-b1ae-dbafadf2150b/720p/video.m3u8,720p,surrit.com
https://missav123.com/en/ipzz-506-uncensored-leak,ipzz-506,https://surrit.com/e9fe4d81-df0c-4381-b1ae-dbafadf2150b/playlist.m3u8,playlist,surrit.com
https://missav123.com/en/ipzz-507-uncensored-leak,ipzz-507,https://surrit.com/cb8d49c1-0441-4965-8c0c-f15e87a1c07c/1080p/video.m3u8,1080p,surrit.com
https://missav123.com/en/ipzz-507-uncensored-leak,ipzz-507,https://surrit.com/cb8d49c1-0441-4965-8c0c-f15e87a1c07c/720p/video.m3u8,720p,surrit.com
https://missav123.com/en/ipzz-507-uncensored-leak,ipzz-507,https://surrit.com/cb8d49c1-0441-4965-8c0c-f15e87a1c07c/playlist.m3u8,playlist,surrit.com
https://missav123.com/en/ipzz-521-uncensored-leak,ipzz-521,https://surrit.com/56eaff1d-78ce-4a27-a1f3-37ef66f069ea/1080p/video.m3u8,1080p,surrit.com
https://missav123.com/en/ipzz-521-uncensored-leak,ipzz-521,https://surrit.com/56eaff1d-78ce-4a27-a1f3-37ef66f069ea/720p/video.m3u8,720p,surrit.com
https://missav123.com/en/ipzz-521-uncensored-leak,ipzz-521,https://surrit.com/56eaff1d-78ce-4a27-a1f3-37ef66f069ea/playlist.m3u8,playlist,surrit.com
https://missav123.com/en/ipzz-564-uncensored-leak,ipzz-564,https://surrit.com/596cffd8-065c-4e2a-a0e2-20affea1f39c/1080p/video.m3u8,1080p,surrit.com
https://missav123.com/en/ipzz-564-uncensored-leak,ipzz-564,https://surrit.com/596cffd8-065c-4e2a-a0e2-20affea1f39c/720p/video.m3u8,720p,surrit.com
https://missav123.com/en/ipzz-564-uncensored-leak,ipzz-564,https://surrit.com/596cffd8-065c-4e2a-a0e2-20affea1f39c/playlist.m3u8,playlist,surrit.com
https://missav123.com/en/jjgg-007,jjgg-007,https://surrit.com/317612f5-2c62-420e-9702-79fae02a28f2/1080p/video.m3u8,1080p,surrit.com
https://missav123.com/en/jjgg-007,jjgg-007,https://surrit.com/317612f5-2c62-420e-9702-79fae02a28f2/720p/video.m3u8,720p,surrit.com
https://missav123.com/en/jjgg-007,jjgg-007,https://surrit.com/317612f5-2c62-420e-9702-79fae02a28f2/playlist.m3u8,playlist,surrit.com
https://missav123.com/en/jul-273-uncensored-leak,jul-273,https://surrit.com/9094d644-f030-4695-97ce-988723d2219c/1080p/video.m3u8,1080p,surrit.com
https://missav123.com/en/jul-273-uncensored-leak,jul-273,https://surrit.com/9094d644-f030-4695-97ce-988723d2219c/720p/video.m3u8,720p,surrit.com
https://missav123.com/en/jul-273-uncensored-leak,jul-273,https://surrit.com/9094d644-f030-4695-97ce-988723d2219c/playlist.m3u8,playlist,surrit.com
https://missav123.com/en/jur-024-uncensored-leak,jur-024,https://surrit.com/456eff49-dd29-4ccc-b50b-c832525c94a4/1080p/video.m3u8,1080p,surrit.com
https://missav123.com/en/jur-024-uncensored-leak,jur-024,https://surrit.com/456eff49-dd29-4ccc-b50b-c832525c94a4/720p/video.m3u8,720p,surrit.com
https://missav123.com/en/jur-024-uncensored-leak,jur-024,https://surrit.com/456eff49-dd29-4ccc-b50b-c832525c94a4/playlist.m3u8,playlist,surrit.com
https://missav123.com/en/jur-240-uncensored-leak,jur-240,https://surrit.com/dbbd501c-59ec-4dfe-a4ae-9156102c0965/1080p/video.m3u8,1080p,surrit.com
https://missav123.com/en/jur-240-uncensored-leak,jur-240,https://surrit.com/dbbd501c-59ec-4dfe-a4ae-9156102c0965/720p/video.m3u8,720p,surrit.com
https://missav123.com/en/jur-240-uncensored-leak,jur-240,https://surrit.com/dbbd501c-59ec-4dfe-a4ae-9156102c0965/playlist.m3u8,playlist,surrit.com
https://missav123.com/en/jur-244-uncensored-leak,jur-244,https://surrit.com/b23cfb71-a34c-4dfb-846f-acf8e4b9a470/1080p/video.m3u8,1080p,surrit.com
https://missav123.com/en/jur-244-uncensored-leak,jur-244,https://surrit.com/b23cfb71-a34c-4dfb-846f-acf8e4b9a470/720p/video.m3u8,720p,surrit.com
https://missav123.com/en/jur-244-uncensored-leak,jur-244,https://surrit.com/b23cfb71-a34c-4dfb-846f-acf8e4b9a470/playlist.m3u8,playlist,surrit.com
https://missav123.com/en/ksbj-134,ksbj-134,https://surrit.com/b0e718e1-0022-4a7f-8cc7-fab12449658d/720p/video.m3u8,720p,surrit.com
https://missav123.com/en/ksbj-134,ksbj-134,https://surrit.com/b0e718e1-0022-4a7f-8cc7-fab12449658d/playlist.m3u8,playlist,surrit.com
https://missav123.com/en/ktra-796,ktra-796,https://surrit.com/ac2aadc7-d193-43ee-a163-9f29be50a233/720p/video.m3u8,720p,surrit.com
https://missav123.com/en/ktra-796,ktra-796,https://surrit.com/ac2aadc7-d193-43ee-a163-9f29be50a233/playlist.m3u8,playlist,surrit.com
https://missav123.com/en/love-017,love-017,https://surrit.com/2165daaa-1c7d-4607-b67d-bde6468ee071/720p/video.m3u8,720p,surrit.com
https://missav123.com/en/love-017,love-017,https://surrit.com/2165daaa-1c7d-4607-b67d-bde6468ee071/playlist.m3u8,playlist,surrit.com
https://missav123.com/en/luxu-966-uncensored-leak,luxu-966,https://surrit.com/bde692b5-1a38-41e4-985f-03feec5a8c08/1080p/video.m3u8,1080p,surrit.com
https://missav123.com/en/luxu-966-uncensored-leak,luxu-966,https://surrit.com/bde692b5-1a38-41e4-985f-03feec5a8c08/720p/video.m3u8,720p,surrit.com
https://missav123.com/en/luxu-966-uncensored-leak,luxu-966,https://surrit.com/bde692b5-1a38-41e4-985f-03feec5a8c08/playlist.m3u8,playlist,surrit.com
https://missav123.com/en/meyd-378-uncensored-leak,meyd-378,https://surrit.com/df265b87-d3ad-42fe-8ce5-905144e1c8ac/1080p/video.m3u8,1080p,surrit.com
https://missav123.com/en/meyd-378-uncensored-leak,meyd-378,https://surrit.com/df265b87-d3ad-42fe-8ce5-905144e1c8ac/720p/video.m3u8,720p,surrit.com
https://missav123.com/en/meyd-378-uncensored-leak,meyd-378,https://surrit.com/df265b87-d3ad-42fe-8ce5-905144e1c8ac/playlist.m3u8,playlist,surrit.com
https://missav123.com/en/mfyd-003-english-subtitle,mfyd-003,https://surrit.com/9e21eb6d-8c85-43e3-8fae-2b5cdb7be491/1080p/video.m3u8,1080p,surrit.com
https://missav123.com/en/mfyd-003-english-subtitle,mfyd-003,https://surrit.com/9e21eb6d-8c85-43e3-8fae-2b5cdb7be491/720p/video.m3u8,720p,surrit.com
https://missav123.com/en/mfyd-003-english-subtitle,mfyd-003,https://surrit.com/9e21eb6d-8c85-43e3-8fae-2b5cdb7be491/playlist.m3u8,playlist,surrit.com
https://missav123.com/en/miaa-383-uncensored-leak,miaa-383,https://surrit.com/a008923d-697d-41b5-9629-6094d3ccf100/1080p/video.m3u8,1080p,surrit.com
https://missav123.com/en/miaa-383-uncensored-leak,miaa-383,https://surrit.com/a008923d-697d-41b5-9629-6094d3ccf100/720p/video.m3u8,720p,surrit.com
https://missav123.com/en/miaa-383-uncensored-leak,miaa-383,https://surrit.com/a008923d-697d-41b5-9629-6094d3ccf100/playlist.m3u8,playlist,surrit.com
https://missav123.com/en/mihd-010,mihd-010,https://surrit.com/136c1318-b7c7-475b-8b76-ee95aa3c4b01/720p/video.m3u8,720p,surrit.com
https://missav123.com/en/mihd-010,mihd-010,https://surrit.com/136c1318-b7c7-475b-8b76-ee95aa3c4b01/playlist.m3u8,playlist,surrit.com
https://missav123.com/en/mvg-172,mvg-172,https://surrit.com/7f663d75-62db-4c6f-a778-33bc0f5c3140/720p/video.m3u8,720p,surrit.com
https://missav123.com/en/mvg-172,mvg-172,https://surrit.com/7f663d75-62db-4c6f-a778-33bc0f5c3140/playlist.m3u8,playlist,surrit.com
https://missav123.com/en/ngod-253-uncensored-leak,ngod-253,https://surrit.com/7414d12e-1b46-4939-8f5f-4b3e487f0d93/1080p/video.m3u8,1080p,surrit.com
https://missav123.com/en/ngod-253-uncensored-leak,ngod-253,https://surrit.com/7414d12e-1b46-4939-8f5f-4b3e487f0d93/720p/video.m3u8,720p,surrit.com
https://missav123.com/en/ngod-253-uncensored-leak,ngod-253,https://surrit.com/7414d12e-1b46-4939-8f5f-4b3e487f0d93/playlist.m3u8,playlist,surrit.com
https://missav123.com/en/ngod-255-uncensored-leak,ngod-255,https://surrit.com/8ddfc2ac-81a1-4166-816d-c791ce788239/1080p/video.m3u8,1080p,surrit.com
https://missav123.com/en/ngod-255-uncensored-leak,ngod-255,https://surrit.com/8ddfc2ac-81a1-4166-816d-c791ce788239/720p/video.m3u8,720p,surrit.com
https://missav123.com/en/ngod-255-uncensored-leak,ngod-255,https://surrit.com/8ddfc2ac-81a1-4166-816d-c791ce788239/playlist.m3u8,playlist,surrit.com
https://missav123.com/en/nsfs-143-uncensored-leak,nsfs-143,https://surrit.com/ff9d9ef9-b40b-43de-8b6d-1eef506bd97f/1080p/video.m3u8,1080p,surrit.com
https://missav123.com/en/nsfs-143-uncensored-leak,nsfs-143,https://surrit.com/ff9d9ef9-b40b-43de-8b6d-1eef506bd97f/720p/video.m3u8,720p,surrit.com
https://missav123.com/en/nsfs-143-uncensored-leak,nsfs-143,https://surrit.com/ff9d9ef9-b40b-43de-8b6d-1eef506bd97f/playlist.m3u8,playlist,surrit.com
https://missav123.com/en/pacopacomama-091026_100,pacopacomama-091026,https://surrit.com/aa97c79b-819e-4c7c-ad40-3b896c0f17b9/720p/video.m3u8,720p,surrit.com
https://missav123.com/en/pacopacomama-091026_100,pacopacomama-091026,https://surrit.com/aa97c79b-819e-4c7c-ad40-3b896c0f17b9/playlist.m3u8,playlist,surrit.com
https://missav123.com/en/rebd-1062,rebd-1062,https://surrit.com/b55683d5-ddb6-457f-84b3-b7d695bb2f19/720p/video.m3u8,720p,surrit.com
https://missav123.com/en/rebd-1062,rebd-1062,https://surrit.com/b55683d5-ddb6-457f-84b3-b7d695bb2f19/playlist.m3u8,playlist,surrit.com
https://missav123.com/en/rebd-1063,rebd-1063,https://surrit.com/3bc19f97-b605-4308-914e-86955b419c03/720p/video.m3u8,720p,surrit.com
https://missav123.com/en/rebd-1063,rebd-1063,https://surrit.com/3bc19f97-b605-4308-914e-86955b419c03/playlist.m3u8,playlist,surrit.com
https://missav123.com/en/rebd-1064,rebd-1064,https://surrit.com/2d6183ed-4602-4837-9396-c06cc7669cdd/720p/video.m3u8,720p,surrit.com
https://missav123.com/en/rebd-1064,rebd-1064,https://surrit.com/2d6183ed-4602-4837-9396-c06cc7669cdd/playlist.m3u8,playlist,surrit.com
https://missav123.com/en/rebd-1065,rebd-1065,https://surrit.com/43e5e645-df8d-4b0e-b432-81cc4b477355/720p/video.m3u8,720p,surrit.com
https://missav123.com/en/rebd-1065,rebd-1065,https://surrit.com/43e5e645-df8d-4b0e-b432-81cc4b477355/playlist.m3u8,playlist,surrit.com
https://missav123.com/en/rki-704-uncensored-leak,rki-704,https://surrit.com/2d0506ea-414c-4a3f-a05a-81c9f6213c68/1080p/video.m3u8,1080p,surrit.com
https://missav123.com/en/rki-704-uncensored-leak,rki-704,https://surrit.com/2d0506ea-414c-4a3f-a05a-81c9f6213c68/720p/video.m3u8,720p,surrit.com
https://missav123.com/en/rki-704-uncensored-leak,rki-704,https://surrit.com/2d0506ea-414c-4a3f-a05a-81c9f6213c68/playlist.m3u8,playlist,surrit.com
https://missav123.com/en/roe-356-english-subtitle,roe-356,https://surrit.com/c09dfa46-3afb-4c71-860f-d1994fed119c/1080p/video.m3u8,1080p,surrit.com
https://missav123.com/en/roe-356-english-subtitle,roe-356,https://surrit.com/c09dfa46-3afb-4c71-860f-d1994fed119c/720p/video.m3u8,720p,surrit.com
https://missav123.com/en/roe-356-english-subtitle,roe-356,https://surrit.com/c09dfa46-3afb-4c71-860f-d1994fed119c/playlist.m3u8,playlist,surrit.com
https://missav123.com/en/sone-631-uncensored-leak,sone-631,https://surrit.com/8bc1b6d5-af4d-4172-8a9d-9abd7363e9e4/1080p/video.m3u8,1080p,surrit.com
https://missav123.com/en/sone-631-uncensored-leak,sone-631,https://surrit.com/8bc1b6d5-af4d-4172-8a9d-9abd7363e9e4/720p/video.m3u8,720p,surrit.com
https://missav123.com/en/sone-631-uncensored-leak,sone-631,https://surrit.com/8bc1b6d5-af4d-4172-8a9d-9abd7363e9e4/playlist.m3u8,playlist,surrit.com
https://missav123.com/en/sone-634-uncensored-leak,sone-634,https://surrit.com/845adbef-b1b3-40d0-a7ee-d36dd34a6e39/1080p/video.m3u8,1080p,surrit.com
https://missav123.com/en/sone-634-uncensored-leak,sone-634,https://surrit.com/845adbef-b1b3-40d0-a7ee-d36dd34a6e39/720p/video.m3u8,720p,surrit.com
https://missav123.com/en/sone-634-uncensored-leak,sone-634,https://surrit.com/845adbef-b1b3-40d0-a7ee-d36dd34a6e39/playlist.m3u8,playlist,surrit.com
https://missav123.com/en/sone-639-uncensored-leak,sone-639,https://surrit.com/9e04e339-be52-4272-81db-5a82ac74fbcb/1080p/video.m3u8,1080p,surrit.com
https://missav123.com/en/sone-639-uncensored-leak,sone-639,https://surrit.com/9e04e339-be52-4272-81db-5a82ac74fbcb/720p/video.m3u8,720p,surrit.com
https://missav123.com/en/sone-639-uncensored-leak,sone-639,https://surrit.com/9e04e339-be52-4272-81db-5a82ac74fbcb/playlist.m3u8,playlist,surrit.com
https://missav123.com/en/sqte-573-uncensored-leak,sqte-573,https://surrit.com/2ec65f5f-e7ab-4752-88cf-0f61684753e9/1080p/video.m3u8,1080p,surrit.com
https://missav123.com/en/sqte-573-uncensored-leak,sqte-573,https://surrit.com/2ec65f5f-e7ab-4752-88cf-0f61684753e9/720p/video.m3u8,720p,surrit.com
https://missav123.com/en/sqte-573-uncensored-leak,sqte-573,https://surrit.com/2ec65f5f-e7ab-4752-88cf-0f61684753e9/playlist.m3u8,playlist,surrit.com
https://missav123.com/en/start-262-uncensored-leak,start-262,https://surrit.com/0cec3826-094c-4179-95db-3cbcc1b8cb4c/1080p/video.m3u8,1080p,surrit.com
https://missav123.com/en/start-262-uncensored-leak,start-262,https://surrit.com/0cec3826-094c-4179-95db-3cbcc1b8cb4c/720p/video.m3u8,720p,surrit.com
https://missav123.com/en/start-262-uncensored-leak,start-262,https://surrit.com/0cec3826-094c-4179-95db-3cbcc1b8cb4c/playlist.m3u8,playlist,surrit.com
https://missav123.com/en/tchr-029-uncensored-leak,tchr-029,https://surrit.com/b9ebf85c-f31e-4dee-8bd9-b98dfc0d4398/1080p/video.m3u8,1080p,surrit.com
https://missav123.com/en/tchr-029-uncensored-leak,tchr-029,https://surrit.com/b9ebf85c-f31e-4dee-8bd9-b98dfc0d4398/720p/video.m3u8,720p,surrit.com
https://missav123.com/en/tchr-029-uncensored-leak,tchr-029,https://surrit.com/b9ebf85c-f31e-4dee-8bd9-b98dfc0d4398/playlist.m3u8,playlist,surrit.com
https://missav123.com/en/umd-1020,umd-1020,https://surrit.com/891f3eb6-419b-4e31-b7fc-486c5cb1dde4/720p/video.m3u8,720p,surrit.com
https://missav123.com/en/umd-1020,umd-1020,https://surrit.com/891f3eb6-419b-4e31-b7fc-486c5cb1dde4/playlist.m3u8,playlist,surrit.com
https://missav123.com/en/vrnc-043-uncensored-leak,vrnc-043,https://surrit.com/8951440a-2d58-4345-9065-d68af1d614f7/720p/video.m3u8,720p,surrit.com
https://missav123.com/en/vrnc-043-uncensored-leak,vrnc-043,https://surrit.com/8951440a-2d58-4345-9065-d68af1d614f7/playlist.m3u8,playlist,surrit.com
https://missav123.com/en/zono-048,zono-048,https://surrit.com/123eac17-7ecf-46cd-ad0e-e3a9d65f74cf/720p/video.m3u8,720p,surrit.com
https://missav123.com/en/zono-048,zono-048,https://surrit.com/123eac17-7ecf-46cd-ad0e-e3a9d65f74cf/playlist.m3u8,playlist,surrit.com
